{
  "averagePlayerLatency": 127.81778996865204,
  "averageWinnerLatency": 102.85969044414536,
  "medianPlayerLatency": 121,
  "medianWinnerLatency": 91
}