{
  "averagePlayerLatency": 139.7935055615357,
  "averageWinnerLatency": 105.8455949137148,
  "medianPlayerLatency": 131.5,
  "medianWinnerLatency": 101
}