{
  "averagePlayerLatency": 127.75878378378378,
  "averageWinnerLatency": 101.97745773324985,
  "medianPlayerLatency": 121,
  "medianWinnerLatency": 91
}