{
  "averagePlayerLatency": 139.8379410694798,
  "averageWinnerLatency": 106.20677731673582,
  "medianPlayerLatency": 131.5,
  "medianWinnerLatency": 101.5
}