{
  "averagePlayerLatency": 141.67904265111997,
  "averageWinnerLatency": 108.26825198164371,
  "medianPlayerLatency": 132,
  "medianWinnerLatency": 110.5
}