{
  "averagePlayerLatency": 139.78330919623463,
  "averageWinnerLatency": 106.10206896551725,
  "medianPlayerLatency": 131.5,
  "medianWinnerLatency": 101.5
}