{
  "averagePlayerLatency": 129.04252805670407,
  "averageWinnerLatency": 103.0204081632653,
  "medianPlayerLatency": 121.5,
  "medianWinnerLatency": 91.5
}