{
  "averagePlayerLatency": 131.50541418516514,
  "averageWinnerLatency": 103.20400677200902,
  "medianPlayerLatency": 122,
  "medianWinnerLatency": 92
}