{
  "averagePlayerLatency": 130.9592720970537,
  "averageWinnerLatency": 103.90667623833453,
  "medianPlayerLatency": 121.5,
  "medianWinnerLatency": 91
}