{
  "averagePlayerLatency": 132.0575485799701,
  "averageWinnerLatency": 105.41405460060668,
  "medianPlayerLatency": 111.5,
  "medianWinnerLatency": 90.5
}