{
  "averagePlayerLatency": 131.53829557713053,
  "averageWinnerLatency": 103.18767585818796,
  "medianPlayerLatency": 122,
  "medianWinnerLatency": 92
}