{
  "averagePlayerLatency": 139.89753960229189,
  "averageWinnerLatency": 107.17007394519356,
  "medianPlayerLatency": 131.5,
  "medianWinnerLatency": 102
}