{
  "averagePlayerLatency": 127.37267287234043,
  "averageWinnerLatency": 101.62262415695892,
  "medianPlayerLatency": 121,
  "medianWinnerLatency": 91
}