{
  "averagePlayerLatency": 130.53994732221247,
  "averageWinnerLatency": 103.8092485549133,
  "medianPlayerLatency": 121.5,
  "medianWinnerLatency": 91
}