{
  "averagePlayerLatency": 139.30343377715488,
  "averageWinnerLatency": 105.94432071269487,
  "medianPlayerLatency": 131.5,
  "medianWinnerLatency": 101
}