{
  "averagePlayerLatency": 130.42061281337047,
  "averageWinnerLatency": 103.31343984962406,
  "medianPlayerLatency": 111,
  "medianWinnerLatency": 90.5
}