{
  "averagePlayerLatency": 130.4017175572519,
  "averageWinnerLatency": 103.1996254681648,
  "medianPlayerLatency": 121,
  "medianWinnerLatency": 91
}