{
  "averagePlayerLatency": 131.6773492667029,
  "averageWinnerLatency": 103.24264705882354,
  "medianPlayerLatency": 122,
  "medianWinnerLatency": 92
}