{
  "averagePlayerLatency": 131.85089020771514,
  "averageWinnerLatency": 104.66351888667992,
  "medianPlayerLatency": 111.5,
  "medianWinnerLatency": 90.5
}