{
  "averagePlayerLatency": 139.62847222222223,
  "averageWinnerLatency": 106.15906070004431,
  "medianPlayerLatency": 131.5,
  "medianWinnerLatency": 101.5
}