{
  "averagePlayerLatency": 133.28492647058823,
  "averageWinnerLatency": 102.83820093457943,
  "medianPlayerLatency": 112.5,
  "medianWinnerLatency": 90
}