{
  "averagePlayerLatency": 132.81646825396825,
  "averageWinnerLatency": 104.02542372881356,
  "medianPlayerLatency": 111.75,
  "medianWinnerLatency": 90
}