{
  "averagePlayerLatency": 136.15694682675814,
  "averageWinnerLatency": 104.81947608200456,
  "medianPlayerLatency": 120.5,
  "medianWinnerLatency": 90
}