{
  "averagePlayerLatency": 127.37267287234043,
  "averageWinnerLatency": 101.61625766871165,
  "medianPlayerLatency": 121,
  "medianWinnerLatency": 91
}