{
  "averagePlayerLatency": 130.32075471698113,
  "averageWinnerLatency": 103.30952380952381,
  "medianPlayerLatency": 121,
  "medianWinnerLatency": 91
}