{
  "averagePlayerLatency": 130.4005080440305,
  "averageWinnerLatency": 104.07005689900427,
  "medianPlayerLatency": 121.5,
  "medianWinnerLatency": 91.5
}