{
  "averagePlayerLatency": 132.0718405873099,
  "averageWinnerLatency": 103.27222528989509,
  "medianPlayerLatency": 122,
  "medianWinnerLatency": 92
}