{
  "averagePlayerLatency": 132.1691906005222,
  "averageWinnerLatency": 103.29867622724765,
  "medianPlayerLatency": 122.5,
  "medianWinnerLatency": 92.5
}