{
  "averagePlayerLatency": 130.6503362151777,
  "averageWinnerLatency": 103.26746806912097,
  "medianPlayerLatency": 121,
  "medianWinnerLatency": 91
}