{
  "averagePlayerLatency": 130.3104517271922,
  "averageWinnerLatency": 103.72222222222223,
  "medianPlayerLatency": 121.5,
  "medianWinnerLatency": 91
}