{
  "averagePlayerLatency": 130.50857142857143,
  "averageWinnerLatency": 103.1507105459985,
  "medianPlayerLatency": 121,
  "medianWinnerLatency": 91
}