{
  "averagePlayerLatency": 128.34731774415405,
  "averageWinnerLatency": 102.22155117609663,
  "medianPlayerLatency": 121.5,
  "medianWinnerLatency": 91
}