{
  "averagePlayerLatency": 138.169551534225,
  "averageWinnerLatency": 105.42929536679537,
  "medianPlayerLatency": 131,
  "medianWinnerLatency": 101
}