{
  "averagePlayerLatency": 130.15961800818553,
  "averageWinnerLatency": 102.98114075436983,
  "medianPlayerLatency": 111,
  "medianWinnerLatency": 90.5
}