{
  "averagePlayerLatency": 131.3063829787234,
  "averageWinnerLatency": 103.72770398481974,
  "medianPlayerLatency": 111.5,
  "medianWinnerLatency": 90.5
}