{
  "averagePlayerLatency": 139.55029483177245,
  "averageWinnerLatency": 106.35066371681415,
  "medianPlayerLatency": 131.5,
  "medianWinnerLatency": 101.5
}