{
  "averagePlayerLatency": 129.058024691358,
  "averageWinnerLatency": 103.66326530612245,
  "medianPlayerLatency": 121,
  "medianWinnerLatency": 91
}