{
  "averagePlayerLatency": 132.3976833976834,
  "averageWinnerLatency": 102.10539215686275,
  "medianPlayerLatency": 111.5,
  "medianWinnerLatency": 82
}