{
  "averagePlayerLatency": 141.68814206046375,
  "averageWinnerLatency": 108.2214983713355,
  "medianPlayerLatency": 132,
  "medianWinnerLatency": 110.5
}