{
  "averagePlayerLatency": 132.13033175355451,
  "averageWinnerLatency": 103.26810392482034,
  "medianPlayerLatency": 122,
  "medianWinnerLatency": 92
}