{
  "averagePlayerLatency": 131.03725490196078,
  "averageWinnerLatency": 103.08244274809161,
  "medianPlayerLatency": 121,
  "medianWinnerLatency": 91
}