{
  "averagePlayerLatency": 142.5084654662725,
  "averageWinnerLatency": 108.97223324077747,
  "medianPlayerLatency": 133,
  "medianWinnerLatency": 110.5
}