{
  "averagePlayerLatency": 131.67320261437908,
  "averageWinnerLatency": 103.28073654390934,
  "medianPlayerLatency": 122,
  "medianWinnerLatency": 92
}