{
  "averagePlayerLatency": 141.69166666666666,
  "averageWinnerLatency": 107.85970149253731,
  "medianPlayerLatency": 132,
  "medianWinnerLatency": 110
}