{
  "averagePlayerLatency": 139.5577738515901,
  "averageWinnerLatency": 105.77413560844185,
  "medianPlayerLatency": 131.5,
  "medianWinnerLatency": 101
}