{
  "averagePlayerLatency": 129.08670520231215,
  "averageWinnerLatency": 102.72956180510137,
  "medianPlayerLatency": 121.5,
  "medianWinnerLatency": 91
}