{
  "averagePlayerLatency": 128.1875414181577,
  "averageWinnerLatency": 101.65115571776155,
  "medianPlayerLatency": 121,
  "medianWinnerLatency": 91
}