{
  "averagePlayerLatency": 128.10288230584467,
  "averageWinnerLatency": 103.13170563961485,
  "medianPlayerLatency": 121,
  "medianWinnerLatency": 91
}