{
  "averagePlayerLatency": 136.1542372881356,
  "averageWinnerLatency": 105.15124153498871,
  "medianPlayerLatency": 120.5,
  "medianWinnerLatency": 90.5
}