{
  "averagePlayerLatency": 138.33695223055665,
  "averageWinnerLatency": 105.34978229317852,
  "medianPlayerLatency": 131,
  "medianWinnerLatency": 101
}