{
  "averagePlayerLatency": 135.26455026455025,
  "averageWinnerLatency": 103.81912442396313,
  "medianPlayerLatency": 120,
  "medianWinnerLatency": 90
}