{
  "averagePlayerLatency": 131.82201591511935,
  "averageWinnerLatency": 103.16833333333334,
  "medianPlayerLatency": 122,
  "medianWinnerLatency": 92
}