{
  "averagePlayerLatency": 133.9477848101266,
  "averageWinnerLatency": 105.03101604278075,
  "medianPlayerLatency": 120,
  "medianWinnerLatency": 90.5
}