{
  "averagePlayerLatency": 129.64741379310345,
  "averageWinnerLatency": 103.24407171775593,
  "medianPlayerLatency": 121.75,
  "medianWinnerLatency": 92
}