{
  "averagePlayerLatency": 141.3149865390368,
  "averageWinnerLatency": 108.0018472906404,
  "medianPlayerLatency": 132,
  "medianWinnerLatency": 110
}