{
  "averagePlayerLatency": 141.56124852767962,
  "averageWinnerLatency": 108.19254278728606,
  "medianPlayerLatency": 132,
  "medianWinnerLatency": 110.5
}