{
  "averagePlayerLatency": 138.24123670736512,
  "averageWinnerLatency": 105.3391304347826,
  "medianPlayerLatency": 131,
  "medianWinnerLatency": 101
}