{
  "averagePlayerLatency": 128.11339869281045,
  "averageWinnerLatency": 102.03313253012048,
  "medianPlayerLatency": 121,
  "medianWinnerLatency": 91
}