{
  "averagePlayerLatency": 132.74961597542242,
  "averageWinnerLatency": 105.40762004175366,
  "medianPlayerLatency": 112.5,
  "medianWinnerLatency": 90.5
}