{
  "averagePlayerLatency": 133.17989949748744,
  "averageWinnerLatency": 103.07228260869566,
  "medianPlayerLatency": 123,
  "medianWinnerLatency": 92
}