{
  "averagePlayerLatency": 133.28500986193293,
  "averageWinnerLatency": 104.29896238651102,
  "medianPlayerLatency": 112.5,
  "medianWinnerLatency": 90
}