{
  "averagePlayerLatency": 134.47712418300654,
  "averageWinnerLatency": 105.19444444444444,
  "medianPlayerLatency": 120,
  "medianWinnerLatency": 90.5
}