{
  "averagePlayerLatency": 129.30747531734838,
  "averageWinnerLatency": 102.48347375243033,
  "medianPlayerLatency": 121.5,
  "medianWinnerLatency": 91
}