{
  "averagePlayerLatency": 133.1777108433735,
  "averageWinnerLatency": 103.11488321564367,
  "medianPlayerLatency": 123,
  "medianWinnerLatency": 92
}