{
  "averagePlayerLatency": 133.15485829959513,
  "averageWinnerLatency": 104.1726427622842,
  "medianPlayerLatency": 112.25,
  "medianWinnerLatency": 90
}