{
  "averagePlayerLatency": 141.7723463687151,
  "averageWinnerLatency": 108.35324947589099,
  "medianPlayerLatency": 132,
  "medianWinnerLatency": 110.5
}