{
  "averagePlayerLatency": 141.26090248334341,
  "averageWinnerLatency": 108.0049751243781,
  "medianPlayerLatency": 132,
  "medianWinnerLatency": 110
}