{
  "averagePlayerLatency": 140.0201680672269,
  "averageWinnerLatency": 107.30824295010846,
  "medianPlayerLatency": 131.5,
  "medianWinnerLatency": 102.5
}