{
  "averagePlayerLatency": 132.0532945736434,
  "averageWinnerLatency": 102.03395061728395,
  "medianPlayerLatency": 111.5,
  "medianWinnerLatency": 82
}