{
  "averagePlayerLatency": 127.75096525096525,
  "averageWinnerLatency": 102.61229946524064,
  "medianPlayerLatency": 121,
  "medianWinnerLatency": 91
}