{
  "averagePlayerLatency": 131.14229249011856,
  "averageWinnerLatency": 102.88793879387939,
  "medianPlayerLatency": 112,
  "medianWinnerLatency": 90
}