{
  "averagePlayerLatency": 139.73063191717245,
  "averageWinnerLatency": 105.75124490719783,
  "medianPlayerLatency": 131.5,
  "medianWinnerLatency": 101
}