{
  "averagePlayerLatency": 130.0265306122449,
  "averageWinnerLatency": 102.98023897058823,
  "medianPlayerLatency": 111,
  "medianWinnerLatency": 90.5
}