{
  "averagePlayerLatency": 139.71398078975454,
  "averageWinnerLatency": 105.78590785907859,
  "medianPlayerLatency": 131.5,
  "medianWinnerLatency": 101
}