{
  "averagePlayerLatency": 130.77998065764024,
  "averageWinnerLatency": 103.00414156626506,
  "medianPlayerLatency": 121,
  "medianWinnerLatency": 91
}