{
  "averagePlayerLatency": 141.19558735837805,
  "averageWinnerLatency": 108.06106557377049,
  "medianPlayerLatency": 132,
  "medianWinnerLatency": 110
}