{
  "averagePlayerLatency": 139.75136892539356,
  "averageWinnerLatency": 106.62949956101843,
  "medianPlayerLatency": 131.5,
  "medianWinnerLatency": 101.5
}