{
  "averagePlayerLatency": 141.7567843594981,
  "averageWinnerLatency": 108.19634146341464,
  "medianPlayerLatency": 132,
  "medianWinnerLatency": 110.5
}