{
  "averagePlayerLatency": 140.20879489761666,
  "averageWinnerLatency": 107.32076289553532,
  "medianPlayerLatency": 131.5,
  "medianWinnerLatency": 102.5
}