{
  "averagePlayerLatency": 133.99361313868613,
  "averageWinnerLatency": 102.96445221445221,
  "medianPlayerLatency": 112.5,
  "medianWinnerLatency": 90
}