{
  "averagePlayerLatency": 141.51693548387098,
  "averageWinnerLatency": 107.67948717948718,
  "medianPlayerLatency": 132,
  "medianWinnerLatency": 109.75
}