{
  "averagePlayerLatency": 141.36364998501648,
  "averageWinnerLatency": 107.98130649137222,
  "medianPlayerLatency": 132,
  "medianWinnerLatency": 110
}