{
  "averagePlayerLatency": 139.62847222222223,
  "averageWinnerLatency": 106.07161862527717,
  "medianPlayerLatency": 131.5,
  "medianWinnerLatency": 101.5
}