{
  "averagePlayerLatency": 138.17649371069183,
  "averageWinnerLatency": 105.4826673086182,
  "medianPlayerLatency": 131,
  "medianWinnerLatency": 101
}