{
  "averagePlayerLatency": 128.52179930795847,
  "averageWinnerLatency": 102.09859154929578,
  "medianPlayerLatency": 121.5,
  "medianWinnerLatency": 91
}