{
  "averagePlayerLatency": 132.46810506566604,
  "averageWinnerLatency": 101.91408114558473,
  "medianPlayerLatency": 112.5,
  "medianWinnerLatency": 81.75
}