{
  "averagePlayerLatency": 135.64357262103505,
  "averageWinnerLatency": 105.42324805339265,
  "medianPlayerLatency": 120,
  "medianWinnerLatency": 90.5
}