{
  "averagePlayerLatency": 129.0722287735849,
  "averageWinnerLatency": 103.0495337995338,
  "medianPlayerLatency": 121.5,
  "medianWinnerLatency": 91.5
}