{
  "averagePlayerLatency": 140.66193931398416,
  "averageWinnerLatency": 107.52390180878552,
  "medianPlayerLatency": 131.5,
  "medianWinnerLatency": 109.75
}