{
  "averagePlayerLatency": 129.30632984901277,
  "averageWinnerLatency": 103.09663377829368,
  "medianPlayerLatency": 121.5,
  "medianWinnerLatency": 91.5
}