{
  "averagePlayerLatency": 139.82612645348837,
  "averageWinnerLatency": 106.18571428571428,
  "medianPlayerLatency": 131.5,
  "medianWinnerLatency": 101.5
}