{
  "averagePlayerLatency": 142.5461126005362,
  "averageWinnerLatency": 108.9589774078478,
  "medianPlayerLatency": 133,
  "medianWinnerLatency": 110.5
}