{
  "averagePlayerLatency": 128.38328729281767,
  "averageWinnerLatency": 102.10524632117722,
  "medianPlayerLatency": 121.5,
  "medianWinnerLatency": 91
}