{
  "averagePlayerLatency": 130.07872219053053,
  "averageWinnerLatency": 103.19948335246843,
  "medianPlayerLatency": 122,
  "medianWinnerLatency": 92
}