{
  "averagePlayerLatency": 127.4074567243675,
  "averageWinnerLatency": 101.58087330873309,
  "medianPlayerLatency": 121,
  "medianWinnerLatency": 91
}