{
  "averagePlayerLatency": 136.73912058023572,
  "averageWinnerLatency": 104.14997364259357,
  "medianPlayerLatency": 131,
  "medianWinnerLatency": 100
}