{
  "averagePlayerLatency": 140.67001316655694,
  "averageWinnerLatency": 107.54518072289157,
  "medianPlayerLatency": 132,
  "medianWinnerLatency": 109.75
}