{
  "averagePlayerLatency": 130.32687105500452,
  "averageWinnerLatency": 103.35934065934066,
  "medianPlayerLatency": 121.5,
  "medianWinnerLatency": 91
}