{
  "averagePlayerLatency": 135.83758700696055,
  "averageWinnerLatency": 103.84031830238727,
  "medianPlayerLatency": 130.5,
  "medianWinnerLatency": 92.5
}