{
  "averagePlayerLatency": 141.83522396742293,
  "averageWinnerLatency": 108.17607636068237,
  "medianPlayerLatency": 132,
  "medianWinnerLatency": 110.5
}