{
  "averagePlayerLatency": 131.63746438746438,
  "averageWinnerLatency": 103.60734732824427,
  "medianPlayerLatency": 111.5,
  "medianWinnerLatency": 90.5
}