{
  "averagePlayerLatency": 131.8300688194812,
  "averageWinnerLatency": 103.17960088691795,
  "medianPlayerLatency": 122,
  "medianWinnerLatency": 92
}