{
  "averagePlayerLatency": 139.8840653728294,
  "averageWinnerLatency": 106.84593531468532,
  "medianPlayerLatency": 131.5,
  "medianWinnerLatency": 102
}