{
  "averagePlayerLatency": 130.52586206896552,
  "averageWinnerLatency": 103.26444111027757,
  "medianPlayerLatency": 121,
  "medianWinnerLatency": 91
}