{
  "averagePlayerLatency": 142.51925703359737,
  "averageWinnerLatency": 108.70557768924303,
  "medianPlayerLatency": 133,
  "medianWinnerLatency": 110.5
}