{
  "averagePlayerLatency": 141.42493909866016,
  "averageWinnerLatency": 108.08128898128898,
  "medianPlayerLatency": 132,
  "medianWinnerLatency": 110.5
}