{
  "averagePlayerLatency": 133.30919003115264,
  "averageWinnerLatency": 105.53098739495799,
  "medianPlayerLatency": 112.5,
  "medianWinnerLatency": 90.5
}