{
  "averagePlayerLatency": 128.28743961352657,
  "averageWinnerLatency": 103.19143054595715,
  "medianPlayerLatency": 121,
  "medianWinnerLatency": 91
}