{
  "averagePlayerLatency": 130.3374647887324,
  "averageWinnerLatency": 103.28616352201257,
  "medianPlayerLatency": 122,
  "medianWinnerLatency": 92
}