{
  "averagePlayerLatency": 133.62893081761007,
  "averageWinnerLatency": 105.09414893617021,
  "medianPlayerLatency": 116.5,
  "medianWinnerLatency": 90.5
}