{
  "averagePlayerLatency": 131.63746438746438,
  "averageWinnerLatency": 103.59025787965616,
  "medianPlayerLatency": 111.5,
  "medianWinnerLatency": 90.5
}