{
  "averagePlayerLatency": 128.91448326055314,
  "averageWinnerLatency": 102.65868852459016,
  "medianPlayerLatency": 121.5,
  "medianWinnerLatency": 91
}