{
  "averagePlayerLatency": 140.71341059602648,
  "averageWinnerLatency": 107.48188874514877,
  "medianPlayerLatency": 131.5,
  "medianWinnerLatency": 103.5
}