{
  "averagePlayerLatency": 142.75660639777468,
  "averageWinnerLatency": 108.6126450580232,
  "medianPlayerLatency": 132.5,
  "medianWinnerLatency": 110.5
}