{
  "averagePlayerLatency": 127.5896321070234,
  "averageWinnerLatency": 101.81767268201618,
  "medianPlayerLatency": 121,
  "medianWinnerLatency": 91
}