{
  "averagePlayerLatency": 127.81982690794649,
  "averageWinnerLatency": 102.8740715732613,
  "medianPlayerLatency": 121,
  "medianWinnerLatency": 91
}