{
  "averagePlayerLatency": 131.58602150537635,
  "averageWinnerLatency": 103.2097588334268,
  "medianPlayerLatency": 122,
  "medianWinnerLatency": 92
}