{
  "averagePlayerLatency": 128.97282229965157,
  "averageWinnerLatency": 102.12146529562982,
  "medianPlayerLatency": 121.5,
  "medianWinnerLatency": 91
}