{
  "averagePlayerLatency": 141.913288940359,
  "averageWinnerLatency": 108.23610547667343,
  "medianPlayerLatency": 132.5,
  "medianWinnerLatency": 110.5
}