{
  "averagePlayerLatency": 131.55985915492957,
  "averageWinnerLatency": 103.17560700169396,
  "medianPlayerLatency": 122,
  "medianWinnerLatency": 92
}