{
  "averagePlayerLatency": 132.7889733840304,
  "averageWinnerLatency": 101.91565533980582,
  "medianPlayerLatency": 112.75,
  "medianWinnerLatency": 81.5
}