{
  "averagePlayerLatency": 127.40572951365756,
  "averageWinnerLatency": 101.61261538461538,
  "medianPlayerLatency": 121,
  "medianWinnerLatency": 91
}