{
  "averagePlayerLatency": 130.53424657534248,
  "averageWinnerLatency": 103.98390557939913,
  "medianPlayerLatency": 121.5,
  "medianWinnerLatency": 91
}