{
  "averagePlayerLatency": 131.925705794948,
  "averageWinnerLatency": 104.64626865671642,
  "medianPlayerLatency": 111.5,
  "medianWinnerLatency": 90.5
}