{
  "averagePlayerLatency": 131.78152492668622,
  "averageWinnerLatency": 104.40487804878049,
  "medianPlayerLatency": 111.5,
  "medianWinnerLatency": 90.5
}