{
  "averagePlayerLatency": 131.925705794948,
  "averageWinnerLatency": 104.69391824526421,
  "medianPlayerLatency": 111.5,
  "medianWinnerLatency": 90.5
}