{
  "averagePlayerLatency": 130.13390313390315,
  "averageWinnerLatency": 103.2322247706422,
  "medianPlayerLatency": 122,
  "medianWinnerLatency": 92
}