{
  "averagePlayerLatency": 133.9565916398714,
  "averageWinnerLatency": 104.86167922497309,
  "medianPlayerLatency": 116.5,
  "medianWinnerLatency": 90
}