{
  "averagePlayerLatency": 128.06646825396825,
  "averageWinnerLatency": 101.76745598057073,
  "medianPlayerLatency": 121,
  "medianWinnerLatency": 91
}