{
  "averagePlayerLatency": 133.4383775351014,
  "averageWinnerLatency": 105.49263932702418,
  "medianPlayerLatency": 112.5,
  "medianWinnerLatency": 90.5
}