{
  "averagePlayerLatency": 134.15162454873646,
  "averageWinnerLatency": 103.11453488372094,
  "medianPlayerLatency": 112.75,
  "medianWinnerLatency": 90
}