{
  "averagePlayerLatency": 131.4112947658402,
  "averageWinnerLatency": 103.34025014212621,
  "medianPlayerLatency": 122,
  "medianWinnerLatency": 92
}