{
  "averagePlayerLatency": 131.06758080313418,
  "averageWinnerLatency": 102.94482496194826,
  "medianPlayerLatency": 121,
  "medianWinnerLatency": 91
}