{
  "averagePlayerLatency": 139.47312030075187,
  "averageWinnerLatency": 106.22066386161758,
  "medianPlayerLatency": 131.5,
  "medianWinnerLatency": 101.5
}