{
  "averagePlayerLatency": 128.48092532467533,
  "averageWinnerLatency": 103.24878218510787,
  "medianPlayerLatency": 121,
  "medianWinnerLatency": 91
}