{
  "averagePlayerLatency": 127.35090909090908,
  "averageWinnerLatency": 107.18014705882354,
  "medianPlayerLatency": 110.5,
  "medianWinnerLatency": 90
}