{
  "averagePlayerLatency": 128.10288230584467,
  "averageWinnerLatency": 103.10598761183758,
  "medianPlayerLatency": 121,
  "medianWinnerLatency": 91
}