{
  "averagePlayerLatency": 130.41074681238615,
  "averageWinnerLatency": 103.50882352941177,
  "medianPlayerLatency": 121.5,
  "medianWinnerLatency": 91
}