{
  "averagePlayerLatency": 142.62624035281146,
  "averageWinnerLatency": 108.59784345047923,
  "medianPlayerLatency": 132.5,
  "medianWinnerLatency": 110.5
}