{
  "averagePlayerLatency": 141.46135265700482,
  "averageWinnerLatency": 107.92290202563042,
  "medianPlayerLatency": 132,
  "medianWinnerLatency": 110
}