{
  "averagePlayerLatency": 131.1184767277856,
  "averageWinnerLatency": 103.62594696969697,
  "medianPlayerLatency": 111.5,
  "medianWinnerLatency": 90.5
}