{
  "averagePlayerLatency": 130.53277545327754,
  "averageWinnerLatency": 103.4030131826742,
  "medianPlayerLatency": 111,
  "medianWinnerLatency": 90.5
}