{
  "averagePlayerLatency": 142.5224703982777,
  "averageWinnerLatency": 108.95496031746032,
  "medianPlayerLatency": 133,
  "medianWinnerLatency": 110.5
}