{
  "averagePlayerLatency": 139.5764239365537,
  "averageWinnerLatency": 105.87232102143183,
  "medianPlayerLatency": 131.5,
  "medianWinnerLatency": 101
}