{
  "averagePlayerLatency": 133.33858267716536,
  "averageWinnerLatency": 103.92535392535393,
  "medianPlayerLatency": 112.5,
  "medianWinnerLatency": 90
}