{
  "averagePlayerLatency": 128.1515358361775,
  "averageWinnerLatency": 102.19514501891551,
  "medianPlayerLatency": 121.5,
  "medianWinnerLatency": 91
}