{
  "averagePlayerLatency": 129.99412258606213,
  "averageWinnerLatency": 104.09603118355776,
  "medianPlayerLatency": 121.5,
  "medianWinnerLatency": 91.5
}