{
  "averagePlayerLatency": 128.31443298969072,
  "averageWinnerLatency": 102.23811033608116,
  "medianPlayerLatency": 121.5,
  "medianWinnerLatency": 91
}