{
  "averagePlayerLatency": 127.65747508305648,
  "averageWinnerLatency": 101.6219362745098,
  "medianPlayerLatency": 121,
  "medianWinnerLatency": 91
}