{
  "averagePlayerLatency": 128.38318401102688,
  "averageWinnerLatency": 102.17463352453792,
  "medianPlayerLatency": 121.5,
  "medianWinnerLatency": 91
}