{
  "averagePlayerLatency": 132.0532945736434,
  "averageWinnerLatency": 101.92980295566502,
  "medianPlayerLatency": 111.5,
  "medianWinnerLatency": 81.75
}