{
  "averagePlayerLatency": 130.10028116213684,
  "averageWinnerLatency": 103.38678544914625,
  "medianPlayerLatency": 121,
  "medianWinnerLatency": 91
}