{
  "averagePlayerLatency": 138.20550098231828,
  "averageWinnerLatency": 105.56741842610364,
  "medianPlayerLatency": 131,
  "medianWinnerLatency": 101
}