{
  "averagePlayerLatency": 127.41716566866268,
  "averageWinnerLatency": 101.5804174340086,
  "medianPlayerLatency": 121,
  "medianWinnerLatency": 91
}