{
  "averagePlayerLatency": 127.7036412677006,
  "averageWinnerLatency": 101.93777360850531,
  "medianPlayerLatency": 121,
  "medianWinnerLatency": 91
}