{
  "averagePlayerLatency": 131.64644575093533,
  "averageWinnerLatency": 103.19720670391061,
  "medianPlayerLatency": 122,
  "medianWinnerLatency": 92
}