{
  "averagePlayerLatency": 129.6890034364261,
  "averageWinnerLatency": 103.22685451408856,
  "medianPlayerLatency": 121.75,
  "medianWinnerLatency": 92
}