{
  "averagePlayerLatency": 138.17649371069183,
  "averageWinnerLatency": 105.54755043227665,
  "medianPlayerLatency": 131,
  "medianWinnerLatency": 101
}