{
  "averagePlayerLatency": 141.42203082502266,
  "averageWinnerLatency": 107.972049689441,
  "medianPlayerLatency": 132,
  "medianWinnerLatency": 110
}