{
  "averagePlayerLatency": 132.8609422492401,
  "averageWinnerLatency": 105.47762747138397,
  "medianPlayerLatency": 112.25,
  "medianWinnerLatency": 90.5
}