{
  "averagePlayerLatency": 139.8251633986928,
  "averageWinnerLatency": 106.16490096729618,
  "medianPlayerLatency": 131.5,
  "medianWinnerLatency": 101.5
}