{
  "averagePlayerLatency": 132.86153846153846,
  "averageWinnerLatency": 105.43260188087774,
  "medianPlayerLatency": 112.5,
  "medianWinnerLatency": 90.5
}