{
  "averagePlayerLatency": 139.607683982684,
  "averageWinnerLatency": 105.95020557332116,
  "medianPlayerLatency": 131.5,
  "medianWinnerLatency": 101
}