{
  "averagePlayerLatency": 140.5686372745491,
  "averageWinnerLatency": 107.36845521419299,
  "medianPlayerLatency": 131.5,
  "medianWinnerLatency": 103
}