{
  "averagePlayerLatency": 127.35090909090908,
  "averageWinnerLatency": 107.24692874692875,
  "medianPlayerLatency": 110.5,
  "medianWinnerLatency": 90
}