{
  "averagePlayerLatency": 139.58468882602546,
  "averageWinnerLatency": 105.75505617977528,
  "medianPlayerLatency": 131.5,
  "medianWinnerLatency": 101
}