{
  "averagePlayerLatency": 141.5330516148506,
  "averageWinnerLatency": 107.91198347107438,
  "medianPlayerLatency": 132,
  "medianWinnerLatency": 110
}