{
  "averagePlayerLatency": 130.0149456521739,
  "averageWinnerLatency": 102.91146788990825,
  "medianPlayerLatency": 111,
  "medianWinnerLatency": 90.5
}