{
  "averagePlayerLatency": 131.6131112305212,
  "averageWinnerLatency": 103.21316526610644,
  "medianPlayerLatency": 122,
  "medianWinnerLatency": 92
}