{
  "averagePlayerLatency": 139.66799033149172,
  "averageWinnerLatency": 106.55665784832452,
  "medianPlayerLatency": 131.5,
  "medianWinnerLatency": 101.5
}