{
  "averagePlayerLatency": 139.4469883761888,
  "averageWinnerLatency": 105.78133393017009,
  "medianPlayerLatency": 131.5,
  "medianWinnerLatency": 101
}