{
  "averagePlayerLatency": 139.50370631839039,
  "averageWinnerLatency": 105.75852782764811,
  "medianPlayerLatency": 131.5,
  "medianWinnerLatency": 101
}