{
  "averagePlayerLatency": 139.5311412665275,
  "averageWinnerLatency": 106.04416333777186,
  "medianPlayerLatency": 131.5,
  "medianWinnerLatency": 101.5
}