{
  "averagePlayerLatency": 129.64741379310345,
  "averageWinnerLatency": 103.23179190751445,
  "medianPlayerLatency": 121.75,
  "medianWinnerLatency": 91.75
}