{
  "averagePlayerLatency": 134.0583468395462,
  "averageWinnerLatency": 104.84848484848484,
  "medianPlayerLatency": 113,
  "medianWinnerLatency": 90
}