{
  "averagePlayerLatency": 132.54909365558913,
  "averageWinnerLatency": 105.53322949117342,
  "medianPlayerLatency": 112,
  "medianWinnerLatency": 90.5
}