{
  "averagePlayerLatency": 127.40572951365756,
  "averageWinnerLatency": 101.65175817396668,
  "medianPlayerLatency": 121,
  "medianWinnerLatency": 91
}