{
  "averagePlayerLatency": 131.74760638297872,
  "averageWinnerLatency": 103.2466592427617,
  "medianPlayerLatency": 122,
  "medianWinnerLatency": 92
}