{
  "averagePlayerLatency": 131.51108108108107,
  "averageWinnerLatency": 103.16178128523111,
  "medianPlayerLatency": 122,
  "medianWinnerLatency": 92
}