{
  "averagePlayerLatency": 139.62847222222223,
  "averageWinnerLatency": 106.08377659574468,
  "medianPlayerLatency": 131.5,
  "medianWinnerLatency": 101.5
}