{
  "averagePlayerLatency": 141.48406973249175,
  "averageWinnerLatency": 107.94913509060956,
  "medianPlayerLatency": 132,
  "medianWinnerLatency": 110
}