{
  "averagePlayerLatency": 129.5149377593361,
  "averageWinnerLatency": 103.8136908962597,
  "medianPlayerLatency": 121.5,
  "medianWinnerLatency": 91.5
}