{
  "averagePlayerLatency": 123.4828431372549,
  "averageWinnerLatency": 103.70192307692308,
  "medianPlayerLatency": 102.5,
  "medianWinnerLatency": 82
}