{
  "averagePlayerLatency": 134.0583468395462,
  "averageWinnerLatency": 104.93011917659805,
  "medianPlayerLatency": 113,
  "medianWinnerLatency": 90
}