{
  "averagePlayerLatency": 131.74926035502958,
  "averageWinnerLatency": 104.49412340842312,
  "medianPlayerLatency": 111.5,
  "medianWinnerLatency": 90.5
}