{
  "averagePlayerLatency": 132.015625,
  "averageWinnerLatency": 104.91191191191191,
  "medianPlayerLatency": 111.75,
  "medianWinnerLatency": 90.5
}