{
  "averagePlayerLatency": 132.26761619190404,
  "averageWinnerLatency": 105.52612704918033,
  "medianPlayerLatency": 112,
  "medianWinnerLatency": 90.5
}