{
  "averagePlayerLatency": 131.48495623632385,
  "averageWinnerLatency": 103.30034032898469,
  "medianPlayerLatency": 122,
  "medianWinnerLatency": 92
}