{
  "averagePlayerLatency": 127.75953307392996,
  "averageWinnerLatency": 102.79309188464119,
  "medianPlayerLatency": 121,
  "medianWinnerLatency": 91
}