{
  "averagePlayerLatency": 141.99104305114128,
  "averageWinnerLatency": 108.26459854014598,
  "medianPlayerLatency": 132.5,
  "medianWinnerLatency": 110.5
}