{
  "averagePlayerLatency": 127.5896321070234,
  "averageWinnerLatency": 101.83717310087174,
  "medianPlayerLatency": 121,
  "medianWinnerLatency": 91
}