{
  "averagePlayerLatency": 138.61763565891474,
  "averageWinnerLatency": 105.83467550923733,
  "medianPlayerLatency": 131,
  "medianWinnerLatency": 101
}