{
  "averagePlayerLatency": 139.73564038530145,
  "averageWinnerLatency": 105.75384615384615,
  "medianPlayerLatency": 131.5,
  "medianWinnerLatency": 101
}