{
  "averagePlayerLatency": 134.35644371941274,
  "averageWinnerLatency": 105.06304347826087,
  "medianPlayerLatency": 120,
  "medianWinnerLatency": 90.25
}