{
  "averagePlayerLatency": 128.07302474062251,
  "averageWinnerLatency": 103.2359781121751,
  "medianPlayerLatency": 121,
  "medianWinnerLatency": 91
}