{
  "averagePlayerLatency": 139.9699184228416,
  "averageWinnerLatency": 106.87161572052402,
  "medianPlayerLatency": 131.5,
  "medianWinnerLatency": 102
}