{
  "averagePlayerLatency": 141.6690680564071,
  "averageWinnerLatency": 108.23582151793161,
  "medianPlayerLatency": 132,
  "medianWinnerLatency": 110.5
}