{
  "averagePlayerLatency": 138.26163249211356,
  "averageWinnerLatency": 105.36291102514507,
  "medianPlayerLatency": 131,
  "medianWinnerLatency": 101
}