{
  "averagePlayerLatency": 128.12559564329476,
  "averageWinnerLatency": 102.15481434864695,
  "medianPlayerLatency": 121.5,
  "medianWinnerLatency": 91
}