{
  "averagePlayerLatency": 131.28673602080625,
  "averageWinnerLatency": 103.04879140555059,
  "medianPlayerLatency": 112.5,
  "medianWinnerLatency": 90.5
}