{
  "averagePlayerLatency": 138.57975819032762,
  "averageWinnerLatency": 105.73203236554022,
  "medianPlayerLatency": 131,
  "medianWinnerLatency": 101
}