{
  "averagePlayerLatency": 130.9409965034965,
  "averageWinnerLatency": 103.83405483405484,
  "medianPlayerLatency": 121.5,
  "medianWinnerLatency": 91
}