{
  "averagePlayerLatency": 139.60547742413027,
  "averageWinnerLatency": 106.22689270784952,
  "medianPlayerLatency": 131.5,
  "medianWinnerLatency": 101.5
}