{
  "averagePlayerLatency": 128.80086313193587,
  "averageWinnerLatency": 102.70631641086186,
  "medianPlayerLatency": 121.5,
  "medianWinnerLatency": 91.5
}