{
  "averagePlayerLatency": 132.66125954198472,
  "averageWinnerLatency": 102.0285888077859,
  "medianPlayerLatency": 112.5,
  "medianWinnerLatency": 81.75
}