{
  "averagePlayerLatency": 130.26344086021504,
  "averageWinnerLatency": 102.89571948998179,
  "medianPlayerLatency": 111,
  "medianWinnerLatency": 90.5
}