{
  "averagePlayerLatency": 141.32595124851366,
  "averageWinnerLatency": 108.09615384615384,
  "medianPlayerLatency": 132,
  "medianWinnerLatency": 110.25
}