{
  "averagePlayerLatency": 133.69718309859155,
  "averageWinnerLatency": 105.29281183932346,
  "medianPlayerLatency": 113,
  "medianWinnerLatency": 90.5
}