{
  "averagePlayerLatency": 127.45963975983989,
  "averageWinnerLatency": 101.76643920595534,
  "medianPlayerLatency": 121,
  "medianWinnerLatency": 91
}