{
  "averagePlayerLatency": 128.1240157480315,
  "averageWinnerLatency": 101.91787439613526,
  "medianPlayerLatency": 121,
  "medianWinnerLatency": 91
}