{
  "averagePlayerLatency": 140.04476607202963,
  "averageWinnerLatency": 107.26923076923077,
  "medianPlayerLatency": 131.5,
  "medianWinnerLatency": 102.5
}