{
  "averagePlayerLatency": 132.97471910112358,
  "averageWinnerLatency": 102.14608076009502,
  "medianPlayerLatency": 112.75,
  "medianWinnerLatency": 82
}