{
  "averagePlayerLatency": 131.40948905109488,
  "averageWinnerLatency": 104.33284742468416,
  "medianPlayerLatency": 111.5,
  "medianWinnerLatency": 90.5
}