{
  "averagePlayerLatency": 127.91361788617886,
  "averageWinnerLatency": 102.0495608531995,
  "medianPlayerLatency": 121.25,
  "medianWinnerLatency": 91
}