{
  "averagePlayerLatency": 142.57245762711864,
  "averageWinnerLatency": 108.55200803212851,
  "medianPlayerLatency": 132.5,
  "medianWinnerLatency": 110.5
}