{
  "averagePlayerLatency": 131.15257595772786,
  "averageWinnerLatency": 102.86981981981982,
  "medianPlayerLatency": 112,
  "medianWinnerLatency": 90
}