{
  "averagePlayerLatency": 139.89255014326648,
  "averageWinnerLatency": 105.83832199546485,
  "medianPlayerLatency": 131.5,
  "medianWinnerLatency": 101
}