{
  "averagePlayerLatency": 130.3230414746544,
  "averageWinnerLatency": 103.58456425406204,
  "medianPlayerLatency": 121,
  "medianWinnerLatency": 91
}