{
  "averagePlayerLatency": 129.67460317460316,
  "averageWinnerLatency": 103.96181046676097,
  "medianPlayerLatency": 121.5,
  "medianWinnerLatency": 91.5
}