{
  "averagePlayerLatency": 132.67267552182165,
  "averageWinnerLatency": 101.81658595641646,
  "medianPlayerLatency": 112.5,
  "medianWinnerLatency": 81.5
}