{
  "averagePlayerLatency": 141.17277147487843,
  "averageWinnerLatency": 107.5224743150685,
  "medianPlayerLatency": 132,
  "medianWinnerLatency": 104.25
}