{
  "averagePlayerLatency": 129.10737527114966,
  "averageWinnerLatency": 102.71760471204189,
  "medianPlayerLatency": 121.5,
  "medianWinnerLatency": 91
}