{
  "averagePlayerLatency": 132.14745508982037,
  "averageWinnerLatency": 105.54443309499489,
  "medianPlayerLatency": 111.75,
  "medianWinnerLatency": 90.5
}