{
  "averagePlayerLatency": 132.40465465465465,
  "averageWinnerLatency": 105.48297213622291,
  "medianPlayerLatency": 112,
  "medianWinnerLatency": 90.5
}