{
  "averagePlayerLatency": 136.29711375212224,
  "averageWinnerLatency": 105.07975113122171,
  "medianPlayerLatency": 120.5,
  "medianWinnerLatency": 90.5
}