{
  "averagePlayerLatency": 131.36462324393358,
  "averageWinnerLatency": 103.20577777777778,
  "medianPlayerLatency": 120,
  "medianWinnerLatency": 90.5
}