{
  "averagePlayerLatency": 128.446791226645,
  "averageWinnerLatency": 103.30174216027875,
  "medianPlayerLatency": 121,
  "medianWinnerLatency": 91
}