{
  "averagePlayerLatency": 128.46025952960258,
  "averageWinnerLatency": 103.21091035441279,
  "medianPlayerLatency": 121,
  "medianWinnerLatency": 91
}