{
  "averagePlayerLatency": 128.83136300417246,
  "averageWinnerLatency": 102.14698331193838,
  "medianPlayerLatency": 121.5,
  "medianWinnerLatency": 91
}