{
  "averagePlayerLatency": 130.34413854351686,
  "averageWinnerLatency": 103.5349090909091,
  "medianPlayerLatency": 121.5,
  "medianWinnerLatency": 91
}