{
  "averagePlayerLatency": 135.07221163012392,
  "averageWinnerLatency": 103.54511478910838,
  "medianPlayerLatency": 130.5,
  "medianWinnerLatency": 92.5
}