{
  "averagePlayerLatency": 139.72513368983957,
  "averageWinnerLatency": 105.80936227951153,
  "medianPlayerLatency": 131.5,
  "medianWinnerLatency": 101
}