{
  "averagePlayerLatency": 131.85089020771514,
  "averageWinnerLatency": 104.55937193326791,
  "medianPlayerLatency": 111.5,
  "medianWinnerLatency": 90.5
}