{
  "averagePlayerLatency": 139.64724264705882,
  "averageWinnerLatency": 106.33171296296297,
  "medianPlayerLatency": 131.5,
  "medianWinnerLatency": 101.5
}