{
  "averagePlayerLatency": 132.89532710280375,
  "averageWinnerLatency": 102.32151300236407,
  "medianPlayerLatency": 112.5,
  "medianWinnerLatency": 86
}