{
  "averagePlayerLatency": 127.77610208816705,
  "averageWinnerLatency": 102.65351170568562,
  "medianPlayerLatency": 121,
  "medianWinnerLatency": 91
}