{
  "averagePlayerLatency": 139.43435410066877,
  "averageWinnerLatency": 105.81395348837209,
  "medianPlayerLatency": 131.5,
  "medianWinnerLatency": 101
}