{
  "averagePlayerLatency": 142.6019184652278,
  "averageWinnerLatency": 108.95627225959636,
  "medianPlayerLatency": 133,
  "medianWinnerLatency": 110.5
}