{
  "averagePlayerLatency": 131.98208955223882,
  "averageWinnerLatency": 105.23766364551864,
  "medianPlayerLatency": 111.5,
  "medianWinnerLatency": 90.5
}