{
  "averagePlayerLatency": 130.7179155900086,
  "averageWinnerLatency": 103.94587813620072,
  "medianPlayerLatency": 121.5,
  "medianWinnerLatency": 91
}