{
  "averagePlayerLatency": 139.8225218658892,
  "averageWinnerLatency": 106.24803876326719,
  "medianPlayerLatency": 131.5,
  "medianWinnerLatency": 101.5
}