{
  "averagePlayerLatency": 130.97697654213727,
  "averageWinnerLatency": 103.87491013659238,
  "medianPlayerLatency": 121.5,
  "medianWinnerLatency": 91
}