{
  "averagePlayerLatency": 132.05274261603375,
  "averageWinnerLatency": 103.23589601769912,
  "medianPlayerLatency": 122,
  "medianWinnerLatency": 92
}