{
  "averagePlayerLatency": 128.1875414181577,
  "averageWinnerLatency": 101.66322188449848,
  "medianPlayerLatency": 121,
  "medianWinnerLatency": 91
}