{
  "averagePlayerLatency": 126.92960288808665,
  "averageWinnerLatency": 106.71912832929782,
  "medianPlayerLatency": 102.5,
  "medianWinnerLatency": 90.5
}