{
  "averagePlayerLatency": 141.80409175449472,
  "averageWinnerLatency": 108.31797235023042,
  "medianPlayerLatency": 132,
  "medianWinnerLatency": 110.5
}