{
  "averagePlayerLatency": 119.87765957446808,
  "averageWinnerLatency": 101.65016501650165,
  "medianPlayerLatency": 101,
  "medianWinnerLatency": 81
}