{
  "averagePlayerLatency": 139.61534195933456,
  "averageWinnerLatency": 106.23862581244197,
  "medianPlayerLatency": 131.5,
  "medianWinnerLatency": 101.5
}