{
  "averagePlayerLatency": 130.329203539823,
  "averageWinnerLatency": 103.70537010159651,
  "medianPlayerLatency": 121.5,
  "medianWinnerLatency": 91
}