{
  "averagePlayerLatency": 139.61782749909779,
  "averageWinnerLatency": 105.98651120256058,
  "medianPlayerLatency": 131.5,
  "medianWinnerLatency": 101
}