{
  "averagePlayerLatency": 131.66905444126076,
  "averageWinnerLatency": 103.74688398849473,
  "medianPlayerLatency": 111.5,
  "medianWinnerLatency": 90.5
}