{
  "averagePlayerLatency": 130.3377253814147,
  "averageWinnerLatency": 102.9493023255814,
  "medianPlayerLatency": 111,
  "medianWinnerLatency": 90.5
}