{
  "averagePlayerLatency": 136.19712351945856,
  "averageWinnerLatency": 104.91573033707866,
  "medianPlayerLatency": 120.5,
  "medianWinnerLatency": 90.5
}