{
  "averagePlayerLatency": 131.66905444126076,
  "averageWinnerLatency": 103.82997118155619,
  "medianPlayerLatency": 111.5,
  "medianWinnerLatency": 90.5
}