{
  "averagePlayerLatency": 128.38318401102688,
  "averageWinnerLatency": 102.13058748403576,
  "medianPlayerLatency": 121.5,
  "medianWinnerLatency": 91
}