{
  "averagePlayerLatency": 129.2501764290755,
  "averageWinnerLatency": 102.50616883116884,
  "medianPlayerLatency": 121.5,
  "medianWinnerLatency": 91
}