{
  "averagePlayerLatency": 142.00690250215703,
  "averageWinnerLatency": 108.3112100364225,
  "medianPlayerLatency": 132.5,
  "medianWinnerLatency": 110.5
}