{
  "averagePlayerLatency": 128.1581532416503,
  "averageWinnerLatency": 101.9903498190591,
  "medianPlayerLatency": 121,
  "medianWinnerLatency": 91
}