{
  "averagePlayerLatency": 138.1830515139599,
  "averageWinnerLatency": 105.45710843373494,
  "medianPlayerLatency": 131,
  "medianWinnerLatency": 101
}