{
  "averagePlayerLatency": 136.0016835016835,
  "averageWinnerLatency": 105.34113712374582,
  "medianPlayerLatency": 120.5,
  "medianWinnerLatency": 90.5
}