{
  "averagePlayerLatency": 139.67252066115702,
  "averageWinnerLatency": 106.61724593048834,
  "medianPlayerLatency": 131.5,
  "medianWinnerLatency": 101.5
}