{
  "averagePlayerLatency": 141.56634056863345,
  "averageWinnerLatency": 108.20458333333333,
  "medianPlayerLatency": 132,
  "medianWinnerLatency": 110.5
}