{
  "averagePlayerLatency": 139.64564616447822,
  "averageWinnerLatency": 106.5207413945278,
  "medianPlayerLatency": 131.5,
  "medianWinnerLatency": 101.5
}