{
  "averagePlayerLatency": 139.7803112558813,
  "averageWinnerLatency": 106.07418465778595,
  "medianPlayerLatency": 131.5,
  "medianWinnerLatency": 101
}