{
  "averagePlayerLatency": 132.0575485799701,
  "averageWinnerLatency": 105.48580121703854,
  "medianPlayerLatency": 111.5,
  "medianWinnerLatency": 90.5
}