{
  "averagePlayerLatency": 130.32702702702701,
  "averageWinnerLatency": 103.34893928310169,
  "medianPlayerLatency": 121.5,
  "medianWinnerLatency": 91
}