{
  "averagePlayerLatency": 133.69718309859155,
  "averageWinnerLatency": 105.24285714285715,
  "medianPlayerLatency": 113,
  "medianWinnerLatency": 90.5
}