{
  "averagePlayerLatency": 134.95634266886327,
  "averageWinnerLatency": 105.42379385964912,
  "medianPlayerLatency": 120,
  "medianWinnerLatency": 90.5
}