{
  "averagePlayerLatency": 133.98650793650793,
  "averageWinnerLatency": 104.95824411134903,
  "medianPlayerLatency": 120,
  "medianWinnerLatency": 90.5
}