{
  "averagePlayerLatency": 132.43093385214007,
  "averageWinnerLatency": 102.70775969962453,
  "medianPlayerLatency": 111.5,
  "medianWinnerLatency": 89.5
}