{
  "averagePlayerLatency": 129.64244686961516,
  "averageWinnerLatency": 103.17896253602305,
  "medianPlayerLatency": 121.5,
  "medianWinnerLatency": 91.5
}