{
  "averagePlayerLatency": 142.61104863649143,
  "averageWinnerLatency": 108.5864073777065,
  "medianPlayerLatency": 132.5,
  "medianWinnerLatency": 110.5
}