{
  "averagePlayerLatency": 139.7647274057812,
  "averageWinnerLatency": 106.33194637078132,
  "medianPlayerLatency": 131.5,
  "medianWinnerLatency": 101.5
}