{
  "averagePlayerLatency": 138.71934604904632,
  "averageWinnerLatency": 105.75974334600761,
  "medianPlayerLatency": 131,
  "medianWinnerLatency": 101
}