{
  "averagePlayerLatency": 130.36546184738955,
  "averageWinnerLatency": 103.08257713248639,
  "medianPlayerLatency": 111,
  "medianWinnerLatency": 90.5
}