{
  "averagePlayerLatency": 132.46810506566604,
  "averageWinnerLatency": 101.82057416267942,
  "medianPlayerLatency": 112.5,
  "medianWinnerLatency": 81.5
}