{
  "averagePlayerLatency": 136.1339590443686,
  "averageWinnerLatency": 104.9159090909091,
  "medianPlayerLatency": 120.25,
  "medianWinnerLatency": 90.25
}