{
  "averagePlayerLatency": 140.67674264948795,
  "averageWinnerLatency": 107.51141749246014,
  "medianPlayerLatency": 131.5,
  "medianWinnerLatency": 109.5
}