{
  "averagePlayerLatency": 139.77364001460387,
  "averageWinnerLatency": 106.28983833718245,
  "medianPlayerLatency": 131.5,
  "medianWinnerLatency": 101.5
}