{
  "averagePlayerLatency": 140.58752917639214,
  "averageWinnerLatency": 107.44422827496757,
  "medianPlayerLatency": 131.5,
  "medianWinnerLatency": 103
}