{
  "averagePlayerLatency": 133.33858267716536,
  "averageWinnerLatency": 104.19922380336352,
  "medianPlayerLatency": 112.5,
  "medianWinnerLatency": 90
}