{
  "averagePlayerLatency": 129.30747531734838,
  "averageWinnerLatency": 102.54380272550291,
  "medianPlayerLatency": 121.5,
  "medianWinnerLatency": 91
}