{
  "averagePlayerLatency": 131.19426336375489,
  "averageWinnerLatency": 102.9798206278027,
  "medianPlayerLatency": 112.5,
  "medianWinnerLatency": 90
}