{
  "averagePlayerLatency": 129.92911073825502,
  "averageWinnerLatency": 104.04461756373938,
  "medianPlayerLatency": 121.5,
  "medianWinnerLatency": 91.5
}