{
  "averagePlayerLatency": 126.92960288808665,
  "averageWinnerLatency": 106.83131067961165,
  "medianPlayerLatency": 102.5,
  "medianWinnerLatency": 90.5
}