{
  "averagePlayerLatency": 135.77700348432055,
  "averageWinnerLatency": 104.27866972477064,
  "medianPlayerLatency": 120,
  "medianWinnerLatency": 90
}