{
  "averagePlayerLatency": 127.40572951365756,
  "averageWinnerLatency": 101.64488286066585,
  "medianPlayerLatency": 121,
  "medianWinnerLatency": 91
}