{
  "averagePlayerLatency": 133.9377990430622,
  "averageWinnerLatency": 104.83851931330472,
  "medianPlayerLatency": 120,
  "medianWinnerLatency": 90.25
}