{
  "averagePlayerLatency": 142.46140749148694,
  "averageWinnerLatency": 108.54828973843058,
  "medianPlayerLatency": 132.5,
  "medianWinnerLatency": 110.5
}