{
  "averagePlayerLatency": 129.52426343154247,
  "averageWinnerLatency": 103.21668597914253,
  "medianPlayerLatency": 121.5,
  "medianWinnerLatency": 91.75
}