{
  "averagePlayerLatency": 141.45867642573955,
  "averageWinnerLatency": 108.10715771951728,
  "medianPlayerLatency": 132,
  "medianWinnerLatency": 110.5
}