{
  "averagePlayerLatency": 131.38290229885058,
  "averageWinnerLatency": 104.11062801932367,
  "medianPlayerLatency": 111.5,
  "medianWinnerLatency": 90.5
}