{
  "averagePlayerLatency": 130.1974037600716,
  "averageWinnerLatency": 103.46681254558716,
  "medianPlayerLatency": 121.5,
  "medianWinnerLatency": 91
}