{
  "averagePlayerLatency": 129.25262789067975,
  "averageWinnerLatency": 102.15731785944551,
  "medianPlayerLatency": 121.5,
  "medianWinnerLatency": 91
}