{
  "averagePlayerLatency": 127.65405046480744,
  "averageWinnerLatency": 101.67124542124542,
  "medianPlayerLatency": 121,
  "medianWinnerLatency": 91
}