{
  "averagePlayerLatency": 141.42642642642642,
  "averageWinnerLatency": 107.96049382716049,
  "medianPlayerLatency": 132,
  "medianWinnerLatency": 110
}