{
  "averagePlayerLatency": 131.52160994057266,
  "averageWinnerLatency": 103.17211267605634,
  "medianPlayerLatency": 122,
  "medianWinnerLatency": 92
}