{
  "averagePlayerLatency": 142.59276561665777,
  "averageWinnerLatency": 108.96338083927158,
  "medianPlayerLatency": 133,
  "medianWinnerLatency": 110.5
}