{
  "averagePlayerLatency": 133.15485829959513,
  "averageWinnerLatency": 104.16710875331565,
  "medianPlayerLatency": 112.25,
  "medianWinnerLatency": 90
}