{
  "averagePlayerLatency": 106.32105263157895,
  "averageWinnerLatency": 98.660409556314,
  "medianPlayerLatency": 90,
  "medianWinnerLatency": 81
}