{
  "averagePlayerLatency": 135.14664310954063,
  "averageWinnerLatency": 103.67263279445727,
  "medianPlayerLatency": 120,
  "medianWinnerLatency": 90
}