{
  "averagePlayerLatency": 131.27802037845706,
  "averageWinnerLatency": 104.25848690591658,
  "medianPlayerLatency": 111,
  "medianWinnerLatency": 90.5
}