{
  "averagePlayerLatency": 118.65384615384616,
  "averageWinnerLatency": 98.660409556314,
  "medianPlayerLatency": 100.75,
  "medianWinnerLatency": 81
}