{
  "averagePlayerLatency": 132.28626692456479,
  "averageWinnerLatency": 101.95085995085995,
  "medianPlayerLatency": 111.5,
  "medianWinnerLatency": 81.75
}