{
  "averagePlayerLatency": 120.26315789473684,
  "averageWinnerLatency": 102.01644736842105,
  "medianPlayerLatency": 101,
  "medianWinnerLatency": 81
}