{
  "averagePlayerLatency": 130.96413502109704,
  "averageWinnerLatency": 103.54296506137865,
  "medianPlayerLatency": 111.5,
  "medianWinnerLatency": 90.5
}