{
  "averagePlayerLatency": 139.66133470932232,
  "averageWinnerLatency": 106.65545294635004,
  "medianPlayerLatency": 131.5,
  "medianWinnerLatency": 101.5
}