{
  "averagePlayerLatency": 127.59209645010047,
  "averageWinnerLatency": 101.85246412975671,
  "medianPlayerLatency": 121,
  "medianWinnerLatency": 91
}