{
  "averagePlayerLatency": 128.67130008176616,
  "averageWinnerLatency": 103.53614035087719,
  "medianPlayerLatency": 121,
  "medianWinnerLatency": 91
}