{
  "averagePlayerLatency": 131.6671195652174,
  "averageWinnerLatency": 103.27249575551782,
  "medianPlayerLatency": 122,
  "medianWinnerLatency": 92
}