{
  "averagePlayerLatency": 129.27726952850105,
  "averageWinnerLatency": 102.42912621359223,
  "medianPlayerLatency": 121.5,
  "medianWinnerLatency": 91
}