{
  "averagePlayerLatency": 129.24318744838976,
  "averageWinnerLatency": 103.76039464411558,
  "medianPlayerLatency": 121,
  "medianWinnerLatency": 91
}