{
  "averagePlayerLatency": 142.72779490053236,
  "averageWinnerLatency": 108.59455128205128,
  "medianPlayerLatency": 132.5,
  "medianWinnerLatency": 110.5
}