{
  "averagePlayerLatency": 140.5973008997001,
  "averageWinnerLatency": 107.50172860847019,
  "medianPlayerLatency": 131.5,
  "medianWinnerLatency": 103.25
}