{
  "averagePlayerLatency": 129.11915887850466,
  "averageWinnerLatency": 103.13546511627906,
  "medianPlayerLatency": 121.5,
  "medianWinnerLatency": 91.5
}