{
  "averagePlayerLatency": 136.09443507588531,
  "averageWinnerLatency": 105.29073660714286,
  "medianPlayerLatency": 120.5,
  "medianWinnerLatency": 90.5
}