{
  "averagePlayerLatency": 127.40572951365756,
  "averageWinnerLatency": 101.62538508934072,
  "medianPlayerLatency": 121,
  "medianWinnerLatency": 91
}