{
  "averagePlayerLatency": 142.62997347480106,
  "averageWinnerLatency": 108.98162055335969,
  "medianPlayerLatency": 133,
  "medianWinnerLatency": 110.5
}