{
  "averagePlayerLatency": 130.88035264483628,
  "averageWinnerLatency": 103.37179487179488,
  "medianPlayerLatency": 113,
  "medianWinnerLatency": 90.5
}