{
  "averagePlayerLatency": 130.26134800550207,
  "averageWinnerLatency": 103.01290322580645,
  "medianPlayerLatency": 111,
  "medianWinnerLatency": 90.5
}