{
  "averagePlayerLatency": 136.19712351945856,
  "averageWinnerLatency": 104.9512331838565,
  "medianPlayerLatency": 120.5,
  "medianWinnerLatency": 90.5
}