{
  "averagePlayerLatency": 141.70828454332553,
  "averageWinnerLatency": 108.20850284784377,
  "medianPlayerLatency": 132,
  "medianWinnerLatency": 110.5
}