{
  "averagePlayerLatency": 142.5387114239307,
  "averageWinnerLatency": 108.91911764705883,
  "medianPlayerLatency": 133,
  "medianWinnerLatency": 110.5
}