{
  "averagePlayerLatency": 131.5085348506401,
  "averageWinnerLatency": 103.67585551330798,
  "medianPlayerLatency": 111.5,
  "medianWinnerLatency": 90.5
}