{
  "averagePlayerLatency": 126.9404332129964,
  "averageWinnerLatency": 106.71186440677967,
  "medianPlayerLatency": 110.5,
  "medianWinnerLatency": 90
}