{
  "averagePlayerLatency": 128.5248573757131,
  "averageWinnerLatency": 103.35380321004885,
  "medianPlayerLatency": 121,
  "medianWinnerLatency": 91
}