{
  "averagePlayerLatency": 132.54798464491364,
  "averageWinnerLatency": 102.13963414634146,
  "medianPlayerLatency": 112,
  "medianWinnerLatency": 82
}