{
  "averagePlayerLatency": 128.96464949071301,
  "averageWinnerLatency": 102.90304628002343,
  "medianPlayerLatency": 121.5,
  "medianWinnerLatency": 91.5
}