{
  "averagePlayerLatency": 129.32569605568446,
  "averageWinnerLatency": 103.18271461716937,
  "medianPlayerLatency": 121.5,
  "medianWinnerLatency": 91.5
}