{
  "averagePlayerLatency": 136.19712351945856,
  "averageWinnerLatency": 105.24496644295301,
  "medianPlayerLatency": 120.5,
  "medianWinnerLatency": 90.5
}