{
  "averagePlayerLatency": 131.63746438746438,
  "averageWinnerLatency": 103.65794481446241,
  "medianPlayerLatency": 111.5,
  "medianWinnerLatency": 90.5
}