{
  "averagePlayerLatency": 133.89638932496075,
  "averageWinnerLatency": 105.18769883351007,
  "medianPlayerLatency": 120,
  "medianWinnerLatency": 90.5
}