{
  "averagePlayerLatency": 130.08768656716418,
  "averageWinnerLatency": 103.41363973313565,
  "medianPlayerLatency": 121,
  "medianWinnerLatency": 91
}