{
  "averagePlayerLatency": 130.44117647058823,
  "averageWinnerLatency": 103.16679104477612,
  "medianPlayerLatency": 121,
  "medianWinnerLatency": 91
}