{
  "averagePlayerLatency": 130.94103313840156,
  "averageWinnerLatency": 102.84379727685325,
  "medianPlayerLatency": 121,
  "medianWinnerLatency": 91
}