{
  "averagePlayerLatency": 142.55482275350371,
  "averageWinnerLatency": 108.61013567438148,
  "medianPlayerLatency": 132.5,
  "medianWinnerLatency": 110.5
}