{
  "averagePlayerLatency": 131.59156820622985,
  "averageWinnerLatency": 103.21220604703248,
  "medianPlayerLatency": 122,
  "medianWinnerLatency": 92
}