{
  "averagePlayerLatency": 118.65384615384616,
  "averageWinnerLatency": 99.50675675675676,
  "medianPlayerLatency": 100.75,
  "medianWinnerLatency": 81
}