{
  "averagePlayerLatency": 131.45992366412213,
  "averageWinnerLatency": 103.3109410430839,
  "medianPlayerLatency": 122,
  "medianWinnerLatency": 92
}