{
  "averagePlayerLatency": 142.54897463572584,
  "averageWinnerLatency": 108.92752184273233,
  "medianPlayerLatency": 133,
  "medianWinnerLatency": 110.5
}