{
  "averagePlayerLatency": 139.48043708142404,
  "averageWinnerLatency": 105.75246415770609,
  "medianPlayerLatency": 131.5,
  "medianWinnerLatency": 101
}