{
  "averagePlayerLatency": 128.34731774415405,
  "averageWinnerLatency": 102.20388040712469,
  "medianPlayerLatency": 121.5,
  "medianWinnerLatency": 91
}