{
  "averagePlayerLatency": 139.89255014326648,
  "averageWinnerLatency": 105.82713248638838,
  "medianPlayerLatency": 131.5,
  "medianWinnerLatency": 101
}