{
  "averagePlayerLatency": 128.09152677857713,
  "averageWinnerLatency": 103.1972602739726,
  "medianPlayerLatency": 121,
  "medianWinnerLatency": 91
}