{
  "averagePlayerLatency": 139.60902654867257,
  "averageWinnerLatency": 105.74853801169591,
  "medianPlayerLatency": 131.5,
  "medianWinnerLatency": 101
}