{
  "averagePlayerLatency": 129.03630952380954,
  "averageWinnerLatency": 102.95093457943925,
  "medianPlayerLatency": 121.5,
  "medianWinnerLatency": 91.5
}