{
  "averagePlayerLatency": 141.41281192939744,
  "averageWinnerLatency": 108.07003325020781,
  "medianPlayerLatency": 132,
  "medianWinnerLatency": 110.25
}