{
  "averagePlayerLatency": 130.93339176161263,
  "averageWinnerLatency": 103.82202166064982,
  "medianPlayerLatency": 121.5,
  "medianWinnerLatency": 91
}