{
  "averagePlayerLatency": 142.55911932590377,
  "averageWinnerLatency": 108.76442499005174,
  "medianPlayerLatency": 133,
  "medianWinnerLatency": 110.5
}