{
  "averagePlayerLatency": 139.66554413328606,
  "averageWinnerLatency": 105.73073456511942,
  "medianPlayerLatency": 131.5,
  "medianWinnerLatency": 101
}