{
  "averagePlayerLatency": 130.74385474860335,
  "averageWinnerLatency": 103.26982316029664,
  "medianPlayerLatency": 122,
  "medianWinnerLatency": 92
}