{
  "averagePlayerLatency": 133.5515625,
  "averageWinnerLatency": 105.4373024236038,
  "medianPlayerLatency": 112.75,
  "medianWinnerLatency": 90.5
}