{
  "averagePlayerLatency": 139.29807692307693,
  "averageWinnerLatency": 105.99844236760124,
  "medianPlayerLatency": 131.5,
  "medianWinnerLatency": 101.5
}