{
  "averagePlayerLatency": 126.68959107806691,
  "averageWinnerLatency": 107.3598971722365,
  "medianPlayerLatency": 111,
  "medianWinnerLatency": 90.5
}