{
  "averagePlayerLatency": 142.57281690140846,
  "averageWinnerLatency": 108.5720304975923,
  "medianPlayerLatency": 132.5,
  "medianWinnerLatency": 110.5
}