{
  "averagePlayerLatency": 128.5673469387755,
  "averageWinnerLatency": 103.39797344514325,
  "medianPlayerLatency": 121,
  "medianWinnerLatency": 91
}