{
  "averagePlayerLatency": 130.25971283783784,
  "averageWinnerLatency": 104.09061833688699,
  "medianPlayerLatency": 121.5,
  "medianWinnerLatency": 91.5
}