{
  "averagePlayerLatency": 127.98134920634921,
  "averageWinnerLatency": 103.06846049046321,
  "medianPlayerLatency": 121,
  "medianWinnerLatency": 91
}