{
  "averagePlayerLatency": 141.41459074733095,
  "averageWinnerLatency": 108.13736713000817,
  "medianPlayerLatency": 132,
  "medianWinnerLatency": 110.5
}