{
  "averagePlayerLatency": 128.9708299096138,
  "averageWinnerLatency": 103.63361462728551,
  "medianPlayerLatency": 121,
  "medianWinnerLatency": 91
}