{
  "averagePlayerLatency": 141.44758661533905,
  "averageWinnerLatency": 108.16727941176471,
  "medianPlayerLatency": 132,
  "medianWinnerLatency": 110.5
}