{
  "averagePlayerLatency": 121.4278350515464,
  "averageWinnerLatency": 102.40359477124183,
  "medianPlayerLatency": 101,
  "medianWinnerLatency": 81.25
}