{
  "averagePlayerLatency": 140.92016393442623,
  "averageWinnerLatency": 107.55049419853889,
  "medianPlayerLatency": 132,
  "medianWinnerLatency": 109.5
}