{
  "averagePlayerLatency": 141.31543723973826,
  "averageWinnerLatency": 108.09046254604993,
  "medianPlayerLatency": 132,
  "medianWinnerLatency": 110
}