{
  "averagePlayerLatency": 132.48870056497177,
  "averageWinnerLatency": 101.74700239808153,
  "medianPlayerLatency": 112.5,
  "medianWinnerLatency": 81.5
}