{
  "averagePlayerLatency": 133.9365971107544,
  "averageWinnerLatency": 104.80322580645161,
  "medianPlayerLatency": 120,
  "medianWinnerLatency": 90
}