{
  "averagePlayerLatency": 130.30604982206407,
  "averageWinnerLatency": 103.51455604075691,
  "medianPlayerLatency": 121.5,
  "medianWinnerLatency": 91
}