{
  "averagePlayerLatency": 132.8433133732535,
  "averageWinnerLatency": 103.99281045751634,
  "medianPlayerLatency": 111.5,
  "medianWinnerLatency": 90
}