{
  "averagePlayerLatency": 139.8235615440641,
  "averageWinnerLatency": 106.22670664206642,
  "medianPlayerLatency": 131.5,
  "medianWinnerLatency": 101.5
}