{
  "averagePlayerLatency": 136.22327586206896,
  "averageWinnerLatency": 104.74515393386545,
  "medianPlayerLatency": 120.5,
  "medianWinnerLatency": 90
}