{
  "averagePlayerLatency": 133.33858267716536,
  "averageWinnerLatency": 104.06193548387097,
  "medianPlayerLatency": 112.5,
  "medianWinnerLatency": 90
}