{
  "averagePlayerLatency": 128.25912137006702,
  "averageWinnerLatency": 102.58970976253298,
  "medianPlayerLatency": 121,
  "medianWinnerLatency": 91
}