{
  "averagePlayerLatency": 132.7282196969697,
  "averageWinnerLatency": 101.71626506024096,
  "medianPlayerLatency": 112.75,
  "medianWinnerLatency": 81.5
}