{
  "averagePlayerLatency": 128.29223928860145,
  "averageWinnerLatency": 103.21240471240472,
  "medianPlayerLatency": 121,
  "medianWinnerLatency": 91
}