{
  "averagePlayerLatency": 131.98208955223882,
  "averageWinnerLatency": 105.33652875882946,
  "medianPlayerLatency": 111.5,
  "medianWinnerLatency": 90.5
}