{
  "averagePlayerLatency": 142.54349015317285,
  "averageWinnerLatency": 108.68055001992826,
  "medianPlayerLatency": 133,
  "medianWinnerLatency": 110.5
}