{
  "averagePlayerLatency": 141.35735963581183,
  "averageWinnerLatency": 108.01742738589212,
  "medianPlayerLatency": 132,
  "medianWinnerLatency": 110
}