{
  "averagePlayerLatency": 129.29122807017544,
  "averageWinnerLatency": 102.20354838709677,
  "medianPlayerLatency": 121.5,
  "medianWinnerLatency": 91
}