{
  "averagePlayerLatency": 139.4317585301837,
  "averageWinnerLatency": 106.28781512605042,
  "medianPlayerLatency": 131.5,
  "medianWinnerLatency": 101.5
}