{
  "averagePlayerLatency": 128.1677367576244,
  "averageWinnerLatency": 103.20793103448275,
  "medianPlayerLatency": 121,
  "medianWinnerLatency": 91
}