{
  "averagePlayerLatency": 132.89532710280375,
  "averageWinnerLatency": 102.22689573459715,
  "medianPlayerLatency": 112.5,
  "medianWinnerLatency": 82.25
}