{
  "averagePlayerLatency": 138.27814829344842,
  "averageWinnerLatency": 105.59923298178332,
  "medianPlayerLatency": 131,
  "medianWinnerLatency": 101
}