{
  "averagePlayerLatency": 142.67508417508418,
  "averageWinnerLatency": 108.57154308617234,
  "medianPlayerLatency": 132.5,
  "medianWinnerLatency": 110.5
}