{
  "averagePlayerLatency": 132.0532945736434,
  "averageWinnerLatency": 102.45952677459526,
  "medianPlayerLatency": 111.5,
  "medianWinnerLatency": 89.5
}