{
  "averagePlayerLatency": 118.65384615384616,
  "averageWinnerLatency": 98.9438775510204,
  "medianPlayerLatency": 100.75,
  "medianWinnerLatency": 81
}