{
  "averagePlayerLatency": 127.65747508305648,
  "averageWinnerLatency": 101.66605504587156,
  "medianPlayerLatency": 121,
  "medianWinnerLatency": 91
}