{
  "averagePlayerLatency": 141.54941247363664,
  "averageWinnerLatency": 107.95132013201321,
  "medianPlayerLatency": 132,
  "medianWinnerLatency": 110
}