{
  "averagePlayerLatency": 129.32021276595745,
  "averageWinnerLatency": 102.57514638906962,
  "medianPlayerLatency": 121.5,
  "medianWinnerLatency": 91
}