{
  "averagePlayerLatency": 140.02843203230148,
  "averageWinnerLatency": 107.27562988705473,
  "medianPlayerLatency": 131.5,
  "medianWinnerLatency": 102.5
}