{
  "averagePlayerLatency": 127.88144726712856,
  "averageWinnerLatency": 102.62858094603598,
  "medianPlayerLatency": 121,
  "medianWinnerLatency": 91
}