{
  "averagePlayerLatency": 142.4998584371461,
  "averageWinnerLatency": 108.52029742765274,
  "medianPlayerLatency": 132.5,
  "medianWinnerLatency": 110.5
}