{
  "averagePlayerLatency": 126.98845265588915,
  "averageWinnerLatency": 103.40139906728848,
  "medianPlayerLatency": 120,
  "medianWinnerLatency": 91
}