{
  "averagePlayerLatency": 129.3177668539326,
  "averageWinnerLatency": 102.28972868217055,
  "medianPlayerLatency": 121.5,
  "medianWinnerLatency": 91
}