{
  "averagePlayerLatency": 126.9404332129964,
  "averageWinnerLatency": 106.96228710462287,
  "medianPlayerLatency": 110.5,
  "medianWinnerLatency": 90
}