{
  "averagePlayerLatency": 139.7418952618454,
  "averageWinnerLatency": 105.79859855334539,
  "medianPlayerLatency": 131.5,
  "medianWinnerLatency": 101
}