{
  "averagePlayerLatency": 132.40465465465465,
  "averageWinnerLatency": 105.45087900723888,
  "medianPlayerLatency": 112,
  "medianWinnerLatency": 90.5
}