{
  "averagePlayerLatency": 141.43401402011582,
  "averageWinnerLatency": 108.07861896838602,
  "medianPlayerLatency": 132,
  "medianWinnerLatency": 110.25
}