{
  "averagePlayerLatency": 128.28262362637363,
  "averageWinnerLatency": 102.15939278937381,
  "medianPlayerLatency": 121.5,
  "medianWinnerLatency": 91
}