{
  "averagePlayerLatency": 131.00534759358288,
  "averageWinnerLatency": 102.70081595648232,
  "medianPlayerLatency": 112,
  "medianWinnerLatency": 90
}