{
  "averagePlayerLatency": 133.9477848101266,
  "averageWinnerLatency": 105.04268943436499,
  "medianPlayerLatency": 120,
  "medianWinnerLatency": 90.5
}