{
  "averagePlayerLatency": 139.83526800955957,
  "averageWinnerLatency": 106.73007880910683,
  "medianPlayerLatency": 131.5,
  "medianWinnerLatency": 101.5
}