{
  "averagePlayerLatency": 127.73064894448788,
  "averageWinnerLatency": 102.84307795698925,
  "medianPlayerLatency": 121,
  "medianWinnerLatency": 91
}