{
  "averagePlayerLatency": 132.9334637964775,
  "averageWinnerLatency": 103.69142125480154,
  "medianPlayerLatency": 112,
  "medianWinnerLatency": 90
}