{
  "averagePlayerLatency": 127.8176424050633,
  "averageWinnerLatency": 102.8955223880597,
  "medianPlayerLatency": 121,
  "medianWinnerLatency": 91
}