{
  "averagePlayerLatency": 131.85089020771514,
  "averageWinnerLatency": 104.65525793650794,
  "medianPlayerLatency": 111.5,
  "medianWinnerLatency": 90.5
}