{
  "averagePlayerLatency": 138.3086274509804,
  "averageWinnerLatency": 105.62290368950647,
  "medianPlayerLatency": 131,
  "medianWinnerLatency": 101
}