{
  "averagePlayerLatency": 130.88128140703517,
  "averageWinnerLatency": 103.43954104148278,
  "medianPlayerLatency": 113,
  "medianWinnerLatency": 90.5
}