{
  "averagePlayerLatency": 127.41716566866268,
  "averageWinnerLatency": 101.52457002457002,
  "medianPlayerLatency": 121,
  "medianWinnerLatency": 91
}