{
  "averagePlayerLatency": 127.75096525096525,
  "averageWinnerLatency": 102.66388518024031,
  "medianPlayerLatency": 121,
  "medianWinnerLatency": 91
}