{
  "averagePlayerLatency": 136.52502274795268,
  "averageWinnerLatency": 104.11398416886543,
  "medianPlayerLatency": 131,
  "medianWinnerLatency": 100
}