{
  "averagePlayerLatency": 132.40465465465465,
  "averageWinnerLatency": 105.46855670103093,
  "medianPlayerLatency": 112,
  "medianWinnerLatency": 90.5
}