{
  "averagePlayerLatency": 132.57115009746587,
  "averageWinnerLatency": 103.37006369426751,
  "medianPlayerLatency": 111.5,
  "medianWinnerLatency": 90
}