{
  "averagePlayerLatency": 141.1806134603931,
  "averageWinnerLatency": 108.08005733005733,
  "medianPlayerLatency": 132,
  "medianWinnerLatency": 110
}