{
  "averagePlayerLatency": 141.4036903690369,
  "averageWinnerLatency": 107.97306743421052,
  "medianPlayerLatency": 132,
  "medianWinnerLatency": 110
}