{
  "averagePlayerLatency": 129.6571100917431,
  "averageWinnerLatency": 103.21058688147296,
  "medianPlayerLatency": 121.75,
  "medianWinnerLatency": 92
}