{
  "averagePlayerLatency": 139.66959972394756,
  "averageWinnerLatency": 106.57819383259911,
  "medianPlayerLatency": 131.5,
  "medianWinnerLatency": 101.5
}