{
  "averagePlayerLatency": 131.15080690038954,
  "averageWinnerLatency": 103.29088319088319,
  "medianPlayerLatency": 122,
  "medianWinnerLatency": 92
}