{
  "averagePlayerLatency": 140.55113636363637,
  "averageWinnerLatency": 107.35367965367965,
  "medianPlayerLatency": 131.5,
  "medianWinnerLatency": 102.75
}