{
  "averagePlayerLatency": 130.0149456521739,
  "averageWinnerLatency": 102.88130155820349,
  "medianPlayerLatency": 111,
  "medianWinnerLatency": 90.5
}