{
  "averagePlayerLatency": 142.63514232508646,
  "averageWinnerLatency": 108.95727848101266,
  "medianPlayerLatency": 133,
  "medianWinnerLatency": 110.5
}