{
  "averagePlayerLatency": 138.51369327073553,
  "averageWinnerLatency": 105.66411849020545,
  "medianPlayerLatency": 131,
  "medianWinnerLatency": 101
}