{
  "averagePlayerLatency": 139.29654208871813,
  "averageWinnerLatency": 106.01222765673633,
  "medianPlayerLatency": 131.5,
  "medianWinnerLatency": 101.5
}