{
  "averagePlayerLatency": 132.9304482225657,
  "averageWinnerLatency": 105.44240837696336,
  "medianPlayerLatency": 112.5,
  "medianWinnerLatency": 90.5
}