{
  "averagePlayerLatency": 128.6156045751634,
  "averageWinnerLatency": 103.4370188943317,
  "medianPlayerLatency": 121,
  "medianWinnerLatency": 91
}