{
  "averagePlayerLatency": 142.74105905184365,
  "averageWinnerLatency": 108.63014794082368,
  "medianPlayerLatency": 132.5,
  "medianWinnerLatency": 110.5
}