{
  "averagePlayerLatency": 129.6188490408674,
  "averageWinnerLatency": 103.91696113074205,
  "medianPlayerLatency": 121.5,
  "medianWinnerLatency": 91.5
}