{
  "averagePlayerLatency": 128.17134062927497,
  "averageWinnerLatency": 102.10006313131314,
  "medianPlayerLatency": 121.5,
  "medianWinnerLatency": 91
}