{
  "averagePlayerLatency": 130.20126582278482,
  "averageWinnerLatency": 104.11079545454545,
  "medianPlayerLatency": 121.5,
  "medianWinnerLatency": 91.5
}