{
  "averagePlayerLatency": 130.79573934837092,
  "averageWinnerLatency": 103.55286343612335,
  "medianPlayerLatency": 112.75,
  "medianWinnerLatency": 90.5
}