{
  "averagePlayerLatency": 128.02241847826087,
  "averageWinnerLatency": 102.10866834170854,
  "medianPlayerLatency": 121.5,
  "medianWinnerLatency": 91
}