{
  "averagePlayerLatency": 133.11971830985917,
  "averageWinnerLatency": 103.09543230016313,
  "medianPlayerLatency": 123,
  "medianWinnerLatency": 92
}