{
  "averagePlayerLatency": 132.015625,
  "averageWinnerLatency": 105.02106318956871,
  "medianPlayerLatency": 111.75,
  "medianWinnerLatency": 90.5
}