{
  "averagePlayerLatency": 138.48282591725214,
  "averageWinnerLatency": 105.71377502383223,
  "medianPlayerLatency": 131,
  "medianWinnerLatency": 101
}