{
  "averagePlayerLatency": 131.1916548797737,
  "averageWinnerLatency": 103.67677725118483,
  "medianPlayerLatency": 111.5,
  "medianWinnerLatency": 90.5
}