{
  "averagePlayerLatency": 127.35090909090908,
  "averageWinnerLatency": 107.11491442542787,
  "medianPlayerLatency": 110.5,
  "medianWinnerLatency": 90
}