{
  "averagePlayerLatency": 131.3788860103627,
  "averageWinnerLatency": 103.09070598748883,
  "medianPlayerLatency": 113,
  "medianWinnerLatency": 90.5
}