{
  "averagePlayerLatency": 127.81314330958037,
  "averageWinnerLatency": 102.92396469789546,
  "medianPlayerLatency": 121,
  "medianWinnerLatency": 91
}