{
  "averagePlayerLatency": 127.35090909090908,
  "averageWinnerLatency": 107.24014778325123,
  "medianPlayerLatency": 110.5,
  "medianWinnerLatency": 90
}