{
  "averagePlayerLatency": 135.61888111888112,
  "averageWinnerLatency": 104.14466130884041,
  "medianPlayerLatency": 120,
  "medianWinnerLatency": 90
}