{
  "averagePlayerLatency": 139.71897435897435,
  "averageWinnerLatency": 106.68895221394125,
  "medianPlayerLatency": 131.5,
  "medianWinnerLatency": 101.5
}