{
  "averagePlayerLatency": 127.52872411489646,
  "averageWinnerLatency": 101.7933499067744,
  "medianPlayerLatency": 121,
  "medianWinnerLatency": 91
}