{
  "averagePlayerLatency": 141.73231206569804,
  "averageWinnerLatency": 107.98856416772554,
  "medianPlayerLatency": 132,
  "medianWinnerLatency": 110
}