{
  "averagePlayerLatency": 131.53767491926803,
  "averageWinnerLatency": 103.21785513756316,
  "medianPlayerLatency": 122,
  "medianWinnerLatency": 92
}