{
  "averagePlayerLatency": 132.9334637964775,
  "averageWinnerLatency": 103.51851851851852,
  "medianPlayerLatency": 112,
  "medianWinnerLatency": 90
}