{
  "averagePlayerLatency": 141.64770723104056,
  "averageWinnerLatency": 108.16496945010184,
  "medianPlayerLatency": 132,
  "medianWinnerLatency": 110.5
}