{
  "averagePlayerLatency": 130.35462345090562,
  "averageWinnerLatency": 103.1755239520958,
  "medianPlayerLatency": 121,
  "medianWinnerLatency": 91
}