{
  "averagePlayerLatency": 127.65405046480744,
  "averageWinnerLatency": 101.66442953020135,
  "medianPlayerLatency": 121,
  "medianWinnerLatency": 91
}