{
  "averagePlayerLatency": 135.25745033112582,
  "averageWinnerLatency": 105.25911602209945,
  "medianPlayerLatency": 120,
  "medianWinnerLatency": 90.5
}