{
  "averagePlayerLatency": 139.7217852257182,
  "averageWinnerLatency": 106.65840280824924,
  "medianPlayerLatency": 131.5,
  "medianWinnerLatency": 101.5
}