{
  "averagePlayerLatency": 142.53162650602408,
  "averageWinnerLatency": 108.64952153110048,
  "medianPlayerLatency": 132.75,
  "medianWinnerLatency": 110.5
}