{
  "averagePlayerLatency": 132.0532945736434,
  "averageWinnerLatency": 102.3416149068323,
  "medianPlayerLatency": 111.5,
  "medianWinnerLatency": 82.5
}