{
  "averagePlayerLatency": 127.83754940711462,
  "averageWinnerLatency": 102.94008124576845,
  "medianPlayerLatency": 121,
  "medianWinnerLatency": 91
}