{
  "averagePlayerLatency": 130.5606960950764,
  "averageWinnerLatency": 104.01566951566952,
  "medianPlayerLatency": 121.5,
  "medianWinnerLatency": 91.5
}