{
  "averagePlayerLatency": 139.6659566915158,
  "averageWinnerLatency": 105.74830852503383,
  "medianPlayerLatency": 131.5,
  "medianWinnerLatency": 101
}