{
  "averagePlayerLatency": 141.19676375404532,
  "averageWinnerLatency": 107.59067579127459,
  "medianPlayerLatency": 132,
  "medianWinnerLatency": 107.25
}