{
  "averagePlayerLatency": 139.3774148226203,
  "averageWinnerLatency": 105.8390625,
  "medianPlayerLatency": 131.5,
  "medianWinnerLatency": 101
}