{
  "averagePlayerLatency": 132.0532945736434,
  "averageWinnerLatency": 102.22552664188352,
  "medianPlayerLatency": 111.5,
  "medianWinnerLatency": 82
}