{
  "averagePlayerLatency": 139.80441868888084,
  "averageWinnerLatency": 106.134376438104,
  "medianPlayerLatency": 131.5,
  "medianWinnerLatency": 101.5
}