{
  "averagePlayerLatency": 128.10277594183742,
  "averageWinnerLatency": 101.79217233009709,
  "medianPlayerLatency": 121,
  "medianWinnerLatency": 91
}