{
  "averagePlayerLatency": 131.8008497079129,
  "averageWinnerLatency": 103.1988320355951,
  "medianPlayerLatency": 122,
  "medianWinnerLatency": 92
}