{
  "averagePlayerLatency": 130.11632536973835,
  "averageWinnerLatency": 103.24383954154727,
  "medianPlayerLatency": 122,
  "medianWinnerLatency": 92
}