{
  "averagePlayerLatency": 141.3852932239441,
  "averageWinnerLatency": 108.04277408637874,
  "medianPlayerLatency": 132,
  "medianWinnerLatency": 110
}