{
  "averagePlayerLatency": 132.86299292214358,
  "averageWinnerLatency": 103.05070883315157,
  "medianPlayerLatency": 122.5,
  "medianWinnerLatency": 92
}