{
  "averagePlayerLatency": 132.39691714836223,
  "averageWinnerLatency": 102.2658924205379,
  "medianPlayerLatency": 111.5,
  "medianWinnerLatency": 82
}