{
  "averagePlayerLatency": 127.65405046480744,
  "averageWinnerLatency": 101.68520782396088,
  "medianPlayerLatency": 121,
  "medianWinnerLatency": 91
}