{
  "averagePlayerLatency": 131.99925484351715,
  "averageWinnerLatency": 105.11809045226131,
  "medianPlayerLatency": 111.5,
  "medianWinnerLatency": 90.5
}