{
  "averagePlayerLatency": 130.26693404634582,
  "averageWinnerLatency": 103.47887836853606,
  "medianPlayerLatency": 121.5,
  "medianWinnerLatency": 91
}