{
  "averagePlayerLatency": 127.7751572327044,
  "averageWinnerLatency": 102.90525960890088,
  "medianPlayerLatency": 121,
  "medianWinnerLatency": 91
}