{
  "averagePlayerLatency": 129.33132956152758,
  "averageWinnerLatency": 102.55295646523717,
  "medianPlayerLatency": 121.5,
  "medianWinnerLatency": 91
}