{
  "averagePlayerLatency": 139.8375670840787,
  "averageWinnerLatency": 105.81037607612143,
  "medianPlayerLatency": 131.5,
  "medianWinnerLatency": 101
}