{
  "averagePlayerLatency": 131.55571635311142,
  "averageWinnerLatency": 104.15440464666021,
  "medianPlayerLatency": 111.5,
  "medianWinnerLatency": 90.5
}