{
  "averagePlayerLatency": 128.10277594183742,
  "averageWinnerLatency": 101.80988477865372,
  "medianPlayerLatency": 121,
  "medianWinnerLatency": 91
}