{
  "averagePlayerLatency": 140.6744955342375,
  "averageWinnerLatency": 107.49224137931034,
  "medianPlayerLatency": 131.5,
  "medianWinnerLatency": 106.5
}