{
  "averagePlayerLatency": 130.50340715502554,
  "averageWinnerLatency": 103.99001426533523,
  "medianPlayerLatency": 121.5,
  "medianWinnerLatency": 91.25
}