{
  "averagePlayerLatency": 131.85089020771514,
  "averageWinnerLatency": 104.59368836291914,
  "medianPlayerLatency": 111.5,
  "medianWinnerLatency": 90.5
}