{
  "averagePlayerLatency": 132.1806784660767,
  "averageWinnerLatency": 104.4188660801564,
  "medianPlayerLatency": 111.5,
  "medianWinnerLatency": 90.5
}