{
  "averagePlayerLatency": 130.38345521023766,
  "averageWinnerLatency": 103.5401030169242,
  "medianPlayerLatency": 121.5,
  "medianWinnerLatency": 91
}