{
  "averagePlayerLatency": 129.1393779342723,
  "averageWinnerLatency": 103.11874272409779,
  "medianPlayerLatency": 121.5,
  "medianWinnerLatency": 91.5
}