{
  "averagePlayerLatency": 132.43093385214007,
  "averageWinnerLatency": 102.82685069008782,
  "medianPlayerLatency": 111.5,
  "medianWinnerLatency": 90
}