{
  "averagePlayerLatency": 141.3779328779329,
  "averageWinnerLatency": 108.11451942740287,
  "medianPlayerLatency": 132,
  "medianWinnerLatency": 110.5
}