{
  "averagePlayerLatency": 130.77998065764024,
  "averageWinnerLatency": 102.98229088168802,
  "medianPlayerLatency": 121,
  "medianWinnerLatency": 91
}