{
  "averagePlayerLatency": 142.36187766714082,
  "averageWinnerLatency": 108.49476228847703,
  "medianPlayerLatency": 132.5,
  "medianWinnerLatency": 110.5
}