{
  "averagePlayerLatency": 142.5546230049532,
  "averageWinnerLatency": 108.59560878243514,
  "medianPlayerLatency": 132.5,
  "medianWinnerLatency": 110.5
}