{
  "averagePlayerLatency": 135.8337225595516,
  "averageWinnerLatency": 103.7914452709883,
  "medianPlayerLatency": 130.5,
  "medianWinnerLatency": 92.5
}