{
  "averagePlayerLatency": 129.64663599769983,
  "averageWinnerLatency": 103.2511574074074,
  "medianPlayerLatency": 121.5,
  "medianWinnerLatency": 92
}