{
  "averagePlayerLatency": 139.91787766137207,
  "averageWinnerLatency": 107.03114111498257,
  "medianPlayerLatency": 131.5,
  "medianWinnerLatency": 102
}