{
  "averagePlayerLatency": 130.9590948651001,
  "averageWinnerLatency": 103.82961095100865,
  "medianPlayerLatency": 121.5,
  "medianWinnerLatency": 91
}