{
  "averagePlayerLatency": 129.14863292611983,
  "averageWinnerLatency": 103.07984901277584,
  "medianPlayerLatency": 121.5,
  "medianWinnerLatency": 91.5
}