{
  "averagePlayerLatency": 127.40572951365756,
  "averageWinnerLatency": 101.651019147622,
  "medianPlayerLatency": 121,
  "medianWinnerLatency": 91
}