{
  "averagePlayerLatency": 131.50913621262458,
  "averageWinnerLatency": 103.31331815594764,
  "medianPlayerLatency": 122,
  "medianWinnerLatency": 92
}