{
  "averagePlayerLatency": 139.75239726027397,
  "averageWinnerLatency": 106.65371102327624,
  "medianPlayerLatency": 131.5,
  "medianWinnerLatency": 101.5
}