{
  "averagePlayerLatency": 141.79140818858562,
  "averageWinnerLatency": 108.33340318524728,
  "medianPlayerLatency": 132,
  "medianWinnerLatency": 110.5
}