{
  "averagePlayerLatency": 139.58903345724906,
  "averageWinnerLatency": 106.20065176908753,
  "medianPlayerLatency": 131.5,
  "medianWinnerLatency": 101.5
}