{
  "averagePlayerLatency": 139.72364159769702,
  "averageWinnerLatency": 105.76979071883531,
  "medianPlayerLatency": 131.5,
  "medianWinnerLatency": 101
}