{
  "averagePlayerLatency": 131.85089020771514,
  "averageWinnerLatency": 104.5319253438114,
  "medianPlayerLatency": 111.5,
  "medianWinnerLatency": 90.5
}