{
  "averagePlayerLatency": 131.59268292682927,
  "averageWinnerLatency": 103.21666666666667,
  "medianPlayerLatency": 122,
  "medianWinnerLatency": 92
}