{
  "averagePlayerLatency": 131.17838196286473,
  "averageWinnerLatency": 102.82761732851985,
  "medianPlayerLatency": 112.25,
  "medianWinnerLatency": 90
}