{
  "averagePlayerLatency": 136.09185441941074,
  "averageWinnerLatency": 104.52688787185355,
  "medianPlayerLatency": 120.5,
  "medianWinnerLatency": 90
}