{
  "averagePlayerLatency": 132.26761619190404,
  "averageWinnerLatency": 105.49743062692703,
  "medianPlayerLatency": 112,
  "medianWinnerLatency": 90.5
}