{
  "averagePlayerLatency": 131.03725490196078,
  "averageWinnerLatency": 103.00914634146342,
  "medianPlayerLatency": 121,
  "medianWinnerLatency": 91
}