{
  "averagePlayerLatency": 132.43093385214007,
  "averageWinnerLatency": 103.1660329531052,
  "medianPlayerLatency": 111.5,
  "medianWinnerLatency": 90
}