{
  "averagePlayerLatency": 131.66905444126076,
  "averageWinnerLatency": 104.0159112825458,
  "medianPlayerLatency": 111.5,
  "medianWinnerLatency": 90.5
}