{
  "averagePlayerLatency": 139.7709700948213,
  "averageWinnerLatency": 106.26823638042475,
  "medianPlayerLatency": 131.5,
  "medianWinnerLatency": 101.5
}