{
  "averagePlayerLatency": 128.28262362637363,
  "averageWinnerLatency": 102.19208860759494,
  "medianPlayerLatency": 121.5,
  "medianWinnerLatency": 91
}