{
  "averagePlayerLatency": 131.66905444126076,
  "averageWinnerLatency": 103.92348411934553,
  "medianPlayerLatency": 111.5,
  "medianWinnerLatency": 90.5
}