{
  "averagePlayerLatency": 129.66676267281105,
  "averageWinnerLatency": 103.24088013896932,
  "medianPlayerLatency": 121.5,
  "medianWinnerLatency": 92
}