{
  "averagePlayerLatency": 139.9394656746703,
  "averageWinnerLatency": 107.019825708061,
  "medianPlayerLatency": 131.5,
  "medianWinnerLatency": 102
}