{
  "averagePlayerLatency": 130.327506899724,
  "averageWinnerLatency": 103.61365313653137,
  "medianPlayerLatency": 121,
  "medianWinnerLatency": 91
}