{
  "averagePlayerLatency": 139.95946404341927,
  "averageWinnerLatency": 106.91950261780104,
  "medianPlayerLatency": 131.5,
  "medianWinnerLatency": 102
}