{
  "averagePlayerLatency": 130.37172413793104,
  "averageWinnerLatency": 103.04570637119113,
  "medianPlayerLatency": 111,
  "medianWinnerLatency": 90.5
}