{
  "averagePlayerLatency": 129.98914518317503,
  "averageWinnerLatency": 102.78336380255942,
  "medianPlayerLatency": 111,
  "medianWinnerLatency": 90.5
}