{
  "averagePlayerLatency": 130.3443526170799,
  "averageWinnerLatency": 103.0059963099631,
  "medianPlayerLatency": 111,
  "medianWinnerLatency": 90.5
}