{
  "averagePlayerLatency": 132.14745508982037,
  "averageWinnerLatency": 105.54907975460122,
  "medianPlayerLatency": 111.75,
  "medianWinnerLatency": 90.5
}