{
  "averagePlayerLatency": 118.65384615384616,
  "averageWinnerLatency": 99.2271186440678,
  "medianPlayerLatency": 100.75,
  "medianWinnerLatency": 81
}