{
  "averagePlayerLatency": 132.43093385214007,
  "averageWinnerLatency": 102.6023720349563,
  "medianPlayerLatency": 111.5,
  "medianWinnerLatency": 89.5
}