{
  "averagePlayerLatency": 142.51893004115226,
  "averageWinnerLatency": 108.6322297566813,
  "medianPlayerLatency": 132.5,
  "medianWinnerLatency": 110.5
}