{
  "averagePlayerLatency": 131.6703267273701,
  "averageWinnerLatency": 103.21112975391499,
  "medianPlayerLatency": 122,
  "medianWinnerLatency": 92
}