{
  "averagePlayerLatency": 131.42806150466777,
  "averageWinnerLatency": 103.34327086882453,
  "medianPlayerLatency": 122,
  "medianWinnerLatency": 92
}