{
  "averagePlayerLatency": 132.56284658040664,
  "averageWinnerLatency": 102.70081967213115,
  "medianPlayerLatency": 112.5,
  "medianWinnerLatency": 90
}