{
  "averagePlayerLatency": 139.67834862385322,
  "averageWinnerLatency": 106.33965756594169,
  "medianPlayerLatency": 131.5,
  "medianWinnerLatency": 101.5
}