{
  "averagePlayerLatency": 131.02149178255374,
  "averageWinnerLatency": 103.31443755535872,
  "medianPlayerLatency": 120,
  "medianWinnerLatency": 90.5
}