{
  "averagePlayerLatency": 127.6214859437751,
  "averageWinnerLatency": 101.8380062305296,
  "medianPlayerLatency": 121,
  "medianWinnerLatency": 91
}