{
  "averagePlayerLatency": 128.25274348422496,
  "averageWinnerLatency": 102.12705436156763,
  "medianPlayerLatency": 121.5,
  "medianWinnerLatency": 91
}