{
  "averagePlayerLatency": 128.74213606437453,
  "averageWinnerLatency": 102.6214707813526,
  "medianPlayerLatency": 121.5,
  "medianWinnerLatency": 91
}