{
  "averagePlayerLatency": 135.13553719008266,
  "averageWinnerLatency": 105.0968096809681,
  "medianPlayerLatency": 120,
  "medianWinnerLatency": 90.5
}