{
  "averagePlayerLatency": 119.14054054054054,
  "averageWinnerLatency": 99.96655518394648,
  "medianPlayerLatency": 101,
  "medianWinnerLatency": 81
}