{
  "averagePlayerLatency": 127.7429022082019,
  "averageWinnerLatency": 102.9317106152806,
  "medianPlayerLatency": 121,
  "medianWinnerLatency": 91
}