{
  "averagePlayerLatency": 128.67140210006175,
  "averageWinnerLatency": 102.69492025989368,
  "medianPlayerLatency": 121.5,
  "medianWinnerLatency": 91.5
}