{
  "averagePlayerLatency": 139.59076709475877,
  "averageWinnerLatency": 106.2817618415228,
  "medianPlayerLatency": 131.5,
  "medianWinnerLatency": 101.5
}