{
  "averagePlayerLatency": 122.6969696969697,
  "averageWinnerLatency": 102.88474025974025,
  "medianPlayerLatency": 102.5,
  "medianWinnerLatency": 81.5
}