{
  "averagePlayerLatency": 132.43093385214007,
  "averageWinnerLatency": 103.21092757306226,
  "medianPlayerLatency": 111.5,
  "medianWinnerLatency": 90
}