{
  "averagePlayerLatency": 141.6293324775353,
  "averageWinnerLatency": 107.84534982935153,
  "medianPlayerLatency": 132,
  "medianWinnerLatency": 110
}