{
  "averagePlayerLatency": 130.49904852521408,
  "averageWinnerLatency": 103.148355754858,
  "medianPlayerLatency": 121,
  "medianWinnerLatency": 91
}