{
  "averagePlayerLatency": 128.36532258064517,
  "averageWinnerLatency": 103.20934256055364,
  "medianPlayerLatency": 121,
  "medianWinnerLatency": 91
}