{
  "averagePlayerLatency": 130.29335130278525,
  "averageWinnerLatency": 103.40430971512052,
  "medianPlayerLatency": 121.5,
  "medianWinnerLatency": 91
}