{
  "averagePlayerLatency": 129.98914518317503,
  "averageWinnerLatency": 102.81335773101556,
  "medianPlayerLatency": 111,
  "medianWinnerLatency": 90.5
}