{
  "averagePlayerLatency": 139.4839432412248,
  "averageWinnerLatency": 106.28428171641791,
  "medianPlayerLatency": 131.5,
  "medianWinnerLatency": 101.5
}