{
  "averagePlayerLatency": 140.7078223400729,
  "averageWinnerLatency": 107.46225194132873,
  "medianPlayerLatency": 131.5,
  "medianWinnerLatency": 103.25
}