{
  "averagePlayerLatency": 129.10281385281385,
  "averageWinnerLatency": 102.74084967320262,
  "medianPlayerLatency": 121.5,
  "medianWinnerLatency": 91
}