{
  "averagePlayerLatency": 130.25998185117967,
  "averageWinnerLatency": 103.4313509544787,
  "medianPlayerLatency": 121.5,
  "medianWinnerLatency": 91
}