{
  "averagePlayerLatency": 132.79757462686567,
  "averageWinnerLatency": 102.42570754716981,
  "medianPlayerLatency": 112.5,
  "medianWinnerLatency": 89.5
}