{
  "averagePlayerLatency": 141.804112209117,
  "averageWinnerLatency": 107.95491280306253,
  "medianPlayerLatency": 132,
  "medianWinnerLatency": 110
}