{
  "averagePlayerLatency": 142.46176805002844,
  "averageWinnerLatency": 108.51731776077325,
  "medianPlayerLatency": 132.5,
  "medianWinnerLatency": 110.5
}