{
  "averagePlayerLatency": 138.73646279703934,
  "averageWinnerLatency": 105.74726581074655,
  "medianPlayerLatency": 131,
  "medianWinnerLatency": 101
}