{
  "averagePlayerLatency": 135.379767827529,
  "averageWinnerLatency": 105.3687707641196,
  "medianPlayerLatency": 120,
  "medianWinnerLatency": 90.5
}