{
  "averagePlayerLatency": 136.29711375212224,
  "averageWinnerLatency": 105.039637599094,
  "medianPlayerLatency": 120.5,
  "medianWinnerLatency": 90.5
}