{
  "averagePlayerLatency": 139.5131624523727,
  "averageWinnerLatency": 106.328691423519,
  "medianPlayerLatency": 131.5,
  "medianWinnerLatency": 101.5
}