{
  "averagePlayerLatency": 139.6032060518732,
  "averageWinnerLatency": 105.80820045558086,
  "medianPlayerLatency": 131.5,
  "medianWinnerLatency": 101
}