{
  "averagePlayerLatency": 131.34724005134788,
  "averageWinnerLatency": 103.1634016028495,
  "medianPlayerLatency": 120,
  "medianWinnerLatency": 90.5
}