{
  "averagePlayerLatency": 141.7932354818124,
  "averageWinnerLatency": 107.94893617021276,
  "medianPlayerLatency": 132,
  "medianWinnerLatency": 110
}