{
  "averagePlayerLatency": 135.8636783733826,
  "averageWinnerLatency": 103.95521992580817,
  "medianPlayerLatency": 130.5,
  "medianWinnerLatency": 92.5
}