{
  "averagePlayerLatency": 139.67269906928647,
  "averageWinnerLatency": 106.59661091549296,
  "medianPlayerLatency": 131.5,
  "medianWinnerLatency": 101.5
}