{
  "averagePlayerLatency": 127.72012153950034,
  "averageWinnerLatency": 101.95150187734669,
  "medianPlayerLatency": 121,
  "medianWinnerLatency": 91
}