{
  "averagePlayerLatency": 139.5795167688424,
  "averageWinnerLatency": 105.90438156093109,
  "medianPlayerLatency": 131.5,
  "medianWinnerLatency": 101
}