{
  "averagePlayerLatency": 127.81314330958037,
  "averageWinnerLatency": 102.98164513936098,
  "medianPlayerLatency": 121,
  "medianWinnerLatency": 91
}