{
  "averagePlayerLatency": 130.28835489833642,
  "averageWinnerLatency": 103.51773835920177,
  "medianPlayerLatency": 121,
  "medianWinnerLatency": 91
}