{
  "averagePlayerLatency": 135.08003300330034,
  "averageWinnerLatency": 105.44072447859494,
  "medianPlayerLatency": 120,
  "medianWinnerLatency": 90.5
}