{
  "averagePlayerLatency": 131.54819601507808,
  "averageWinnerLatency": 103.20236087689713,
  "medianPlayerLatency": 122,
  "medianWinnerLatency": 92
}