{
  "averagePlayerLatency": 133.74842271293375,
  "averageWinnerLatency": 105.07720979765708,
  "medianPlayerLatency": 116.5,
  "medianWinnerLatency": 90.5
}