{
  "averagePlayerLatency": 139.63921360255048,
  "averageWinnerLatency": 105.75619090499775,
  "medianPlayerLatency": 131.5,
  "medianWinnerLatency": 101
}