{
  "averagePlayerLatency": 142.5819057815846,
  "averageWinnerLatency": 108.94869255150554,
  "medianPlayerLatency": 133,
  "medianWinnerLatency": 110.5
}