{
  "averagePlayerLatency": 130.94103313840156,
  "averageWinnerLatency": 102.7909090909091,
  "medianPlayerLatency": 121,
  "medianWinnerLatency": 91
}