{
  "averagePlayerLatency": 130.58788395904438,
  "averageWinnerLatency": 103.95821428571429,
  "medianPlayerLatency": 121.5,
  "medianWinnerLatency": 91
}