{
  "averagePlayerLatency": 128.25448430493273,
  "averageWinnerLatency": 102.60396039603961,
  "medianPlayerLatency": 121,
  "medianWinnerLatency": 91
}