{
  "averagePlayerLatency": 131.1655585106383,
  "averageWinnerLatency": 102.81120144534779,
  "medianPlayerLatency": 112.25,
  "medianWinnerLatency": 90
}