{
  "averagePlayerLatency": 139.7020974049058,
  "averageWinnerLatency": 105.7706546275395,
  "medianPlayerLatency": 131.5,
  "medianWinnerLatency": 101
}