{
  "averagePlayerLatency": 130.05008417508418,
  "averageWinnerLatency": 104.14148936170213,
  "medianPlayerLatency": 121.5,
  "medianWinnerLatency": 91.5
}