{
  "averagePlayerLatency": 128.16871165644173,
  "averageWinnerLatency": 102.1877756773787,
  "medianPlayerLatency": 121.5,
  "medianWinnerLatency": 91
}