{
  "averagePlayerLatency": 130.3289224952741,
  "averageWinnerLatency": 103.25335320417288,
  "medianPlayerLatency": 121,
  "medianWinnerLatency": 91
}