{
  "averagePlayerLatency": 129.03279832519192,
  "averageWinnerLatency": 102.1431788931789,
  "medianPlayerLatency": 121.5,
  "medianWinnerLatency": 91
}