{
  "averagePlayerLatency": 141.7794435857805,
  "averageWinnerLatency": 108.30585774058578,
  "medianPlayerLatency": 132,
  "medianWinnerLatency": 110.5
}