{
  "averagePlayerLatency": 140.73695579926886,
  "averageWinnerLatency": 107.43523316062176,
  "medianPlayerLatency": 131.5,
  "medianWinnerLatency": 103
}