{
  "averagePlayerLatency": 128.8076388888889,
  "averageWinnerLatency": 102.06153846153846,
  "medianPlayerLatency": 121.5,
  "medianWinnerLatency": 91
}