{
  "averagePlayerLatency": 130.2015977443609,
  "averageWinnerLatency": 103.37369985141159,
  "medianPlayerLatency": 121,
  "medianWinnerLatency": 91
}