{
  "averagePlayerLatency": 128.03562005277044,
  "averageWinnerLatency": 101.85078692493947,
  "medianPlayerLatency": 121,
  "medianWinnerLatency": 91
}