{
  "averagePlayerLatency": 139.58509166378417,
  "averageWinnerLatency": 106.39310954063605,
  "medianPlayerLatency": 131.5,
  "medianWinnerLatency": 101.5
}