{
  "averagePlayerLatency": 130.54001759014952,
  "averageWinnerLatency": 103.77062228654124,
  "medianPlayerLatency": 121.5,
  "medianWinnerLatency": 91
}