{
  "averagePlayerLatency": 131.79485138004247,
  "averageWinnerLatency": 103.18621456364647,
  "medianPlayerLatency": 122,
  "medianWinnerLatency": 92
}