{
  "averagePlayerLatency": 138.169551534225,
  "averageWinnerLatency": 105.4370477568741,
  "medianPlayerLatency": 131,
  "medianWinnerLatency": 101
}