{
  "averagePlayerLatency": 133.02115869017632,
  "averageWinnerLatency": 103.14670658682634,
  "medianPlayerLatency": 123,
  "medianWinnerLatency": 92
}