{
  "averagePlayerLatency": 130.33955739972336,
  "averageWinnerLatency": 102.99167437557817,
  "medianPlayerLatency": 111,
  "medianWinnerLatency": 90.5
}