{
  "averagePlayerLatency": 131.52777777777777,
  "averageWinnerLatency": 104.38851022395326,
  "medianPlayerLatency": 111.5,
  "medianWinnerLatency": 90.5
}