{
  "averagePlayerLatency": 141.67491546264986,
  "averageWinnerLatency": 108.27807933194154,
  "medianPlayerLatency": 132,
  "medianWinnerLatency": 110.5
}