{
  "averagePlayerLatency": 127.65747508305648,
  "averageWinnerLatency": 101.62829148805879,
  "medianPlayerLatency": 121,
  "medianWinnerLatency": 91
}