{
  "averagePlayerLatency": 119.42204301075269,
  "averageWinnerLatency": 100.30666666666667,
  "medianPlayerLatency": 101,
  "medianWinnerLatency": 81
}