{
  "averagePlayerLatency": 128.38318401102688,
  "averageWinnerLatency": 102.14955357142857,
  "medianPlayerLatency": 121.5,
  "medianWinnerLatency": 91
}