{
  "averagePlayerLatency": 136.43998174349613,
  "averageWinnerLatency": 104.07950343370311,
  "medianPlayerLatency": 131,
  "medianWinnerLatency": 99.5
}