{
  "averagePlayerLatency": 131.75252794039383,
  "averageWinnerLatency": 103.25292479108636,
  "medianPlayerLatency": 122,
  "medianWinnerLatency": 92
}