{
  "averagePlayerLatency": 135.2294731846227,
  "averageWinnerLatency": 103.62346666666667,
  "medianPlayerLatency": 130.5,
  "medianWinnerLatency": 92.5
}