{
  "averagePlayerLatency": 127.60678307588987,
  "averageWinnerLatency": 101.89163023110557,
  "medianPlayerLatency": 121,
  "medianWinnerLatency": 91
}