{
  "averagePlayerLatency": 139.46313932980598,
  "averageWinnerLatency": 105.74192825112108,
  "medianPlayerLatency": 131.5,
  "medianWinnerLatency": 101
}