{
  "averagePlayerLatency": 139.88318553888132,
  "averageWinnerLatency": 106.81496062992126,
  "medianPlayerLatency": 131.5,
  "medianWinnerLatency": 101.75
}