{
  "averagePlayerLatency": 130.3377253814147,
  "averageWinnerLatency": 102.94294990723562,
  "medianPlayerLatency": 111,
  "medianWinnerLatency": 90.5
}