{
  "averagePlayerLatency": 139.46313932980598,
  "averageWinnerLatency": 105.72947510094212,
  "medianPlayerLatency": 131.5,
  "medianWinnerLatency": 101
}