{
  "averagePlayerLatency": 130.94103313840156,
  "averageWinnerLatency": 102.87339380196524,
  "medianPlayerLatency": 121,
  "medianWinnerLatency": 91
}