{
  "averagePlayerLatency": 129.97905405405405,
  "averageWinnerLatency": 102.83531021897811,
  "medianPlayerLatency": 111,
  "medianWinnerLatency": 90.5
}