{
  "averagePlayerLatency": 135.13553719008266,
  "averageWinnerLatency": 105.11233480176212,
  "medianPlayerLatency": 120,
  "medianWinnerLatency": 90.5
}