{
  "averagePlayerLatency": 127.73772408417771,
  "averageWinnerLatency": 102.80771812080538,
  "medianPlayerLatency": 121,
  "medianWinnerLatency": 91
}