{
  "averagePlayerLatency": 129.04333532576211,
  "averageWinnerLatency": 102.95204678362573,
  "medianPlayerLatency": 121.5,
  "medianWinnerLatency": 91.5
}