{
  "averagePlayerLatency": 142.71757965343767,
  "averageWinnerLatency": 108.58870644773728,
  "medianPlayerLatency": 132.5,
  "medianWinnerLatency": 110.5
}