{
  "averagePlayerLatency": 130.79573934837092,
  "averageWinnerLatency": 103.55985915492958,
  "medianPlayerLatency": 112.75,
  "medianWinnerLatency": 90.5
}