{
  "averagePlayerLatency": 136.1542372881356,
  "averageWinnerLatency": 104.9769403824522,
  "medianPlayerLatency": 120.5,
  "medianWinnerLatency": 90.5
}