{
  "averagePlayerLatency": 130.3377253814147,
  "averageWinnerLatency": 102.9474907063197,
  "medianPlayerLatency": 111,
  "medianWinnerLatency": 90.5
}