{
  "averagePlayerLatency": 131.74307036247336,
  "averageWinnerLatency": 103.25041829336308,
  "medianPlayerLatency": 122,
  "medianWinnerLatency": 92
}