{
  "averagePlayerLatency": 141.3440119760479,
  "averageWinnerLatency": 107.98747433264887,
  "medianPlayerLatency": 132,
  "medianWinnerLatency": 110
}