{
  "averagePlayerLatency": 131.65214285714285,
  "averageWinnerLatency": 103.66411483253589,
  "medianPlayerLatency": 111.5,
  "medianWinnerLatency": 90.5
}