{
  "averagePlayerLatency": 127.85323574730354,
  "averageWinnerLatency": 102.60766666666666,
  "medianPlayerLatency": 121,
  "medianWinnerLatency": 91
}