{
  "averagePlayerLatency": 134.74150268336314,
  "averageWinnerLatency": 103.2975638051044,
  "medianPlayerLatency": 120,
  "medianWinnerLatency": 90
}