{
  "averagePlayerLatency": 142.55330882352942,
  "averageWinnerLatency": 108.53756528726396,
  "medianPlayerLatency": 132.5,
  "medianWinnerLatency": 110.5
}