{
  "averagePlayerLatency": 139.65608919382504,
  "averageWinnerLatency": 106.67355008787347,
  "medianPlayerLatency": 131.5,
  "medianWinnerLatency": 101.5
}