{
  "averagePlayerLatency": 131.17857142857142,
  "averageWinnerLatency": 102.85302073940487,
  "medianPlayerLatency": 112.25,
  "medianWinnerLatency": 90
}