{
  "averagePlayerLatency": 128.0734693877551,
  "averageWinnerLatency": 102.12225015713388,
  "medianPlayerLatency": 121.5,
  "medianWinnerLatency": 91
}