{
  "averagePlayerLatency": 129.24839857651244,
  "averageWinnerLatency": 102.59739413680782,
  "medianPlayerLatency": 121.5,
  "medianWinnerLatency": 91
}