{
  "averagePlayerLatency": 129.12264150943398,
  "averageWinnerLatency": 127.08333333333333,
  "medianPlayerLatency": 90,
  "medianWinnerLatency": 81
}