{
  "averagePlayerLatency": 132.46810506566604,
  "averageWinnerLatency": 102.04285714285714,
  "medianPlayerLatency": 112.5,
  "medianWinnerLatency": 82
}