{
  "averagePlayerLatency": 132.14745508982037,
  "averageWinnerLatency": 105.53877551020408,
  "medianPlayerLatency": 111.75,
  "medianWinnerLatency": 90.5
}