{
  "averagePlayerLatency": 130.84121621621622,
  "averageWinnerLatency": 103.21745673438676,
  "medianPlayerLatency": 121,
  "medianWinnerLatency": 91
}