{
  "averagePlayerLatency": 141.6882697044335,
  "averageWinnerLatency": 108.25104427736007,
  "medianPlayerLatency": 132,
  "medianWinnerLatency": 110.5
}