{
  "averagePlayerLatency": 139.83177737881508,
  "averageWinnerLatency": 105.82181818181819,
  "medianPlayerLatency": 131.5,
  "medianWinnerLatency": 101
}