{
  "averagePlayerLatency": 127.80204241948154,
  "averageWinnerLatency": 102.88982479784367,
  "medianPlayerLatency": 121,
  "medianWinnerLatency": 91
}