{
  "averagePlayerLatency": 128.04289118347896,
  "averageWinnerLatency": 103.1193724420191,
  "medianPlayerLatency": 121,
  "medianWinnerLatency": 91
}