{
  "averagePlayerLatency": 130.93219512195122,
  "averageWinnerLatency": 102.79264594389689,
  "medianPlayerLatency": 121,
  "medianWinnerLatency": 91
}