{
  "averagePlayerLatency": 135.0744680851064,
  "averageWinnerLatency": 103.61791907514451,
  "medianPlayerLatency": 120,
  "medianWinnerLatency": 90
}