{
  "averagePlayerLatency": 129.11043602573267,
  "averageWinnerLatency": 102.6249184605349,
  "medianPlayerLatency": 121.5,
  "medianWinnerLatency": 91
}