{
  "averagePlayerLatency": 142.51954397394138,
  "averageWinnerLatency": 108.77963404932379,
  "medianPlayerLatency": 133,
  "medianWinnerLatency": 110.5
}