{
  "averagePlayerLatency": 130.56393298059965,
  "averageWinnerLatency": 103.75778421433743,
  "medianPlayerLatency": 121.5,
  "medianWinnerLatency": 91
}