{
  "averagePlayerLatency": 132.7282196969697,
  "averageWinnerLatency": 101.65264423076923,
  "medianPlayerLatency": 112.75,
  "medianWinnerLatency": 81.5
}