{
  "averagePlayerLatency": 128.00428477257745,
  "averageWinnerLatency": 101.86842105263158,
  "medianPlayerLatency": 121,
  "medianWinnerLatency": 91
}