{
  "averagePlayerLatency": 130.9470873786408,
  "averageWinnerLatency": 102.93283018867925,
  "medianPlayerLatency": 121,
  "medianWinnerLatency": 91
}