{
  "averagePlayerLatency": 131.1681937172775,
  "averageWinnerLatency": 102.93845462713388,
  "medianPlayerLatency": 112.25,
  "medianWinnerLatency": 90
}