{
  "averagePlayerLatency": 127.85608999224205,
  "averageWinnerLatency": 102.72304085733423,
  "medianPlayerLatency": 121,
  "medianWinnerLatency": 91
}