{
  "averagePlayerLatency": 142.50586310335424,
  "averageWinnerLatency": 108.71983273596177,
  "medianPlayerLatency": 133,
  "medianWinnerLatency": 110.5
}