{
  "averagePlayerLatency": 136.49658314350796,
  "averageWinnerLatency": 104.09450897571277,
  "medianPlayerLatency": 131,
  "medianWinnerLatency": 99.75
}