{
  "averagePlayerLatency": 139.41810193321618,
  "averageWinnerLatency": 105.86595174262735,
  "medianPlayerLatency": 131.5,
  "medianWinnerLatency": 101
}