{
  "averagePlayerLatency": 141.78127910586775,
  "averageWinnerLatency": 108.34689597315436,
  "medianPlayerLatency": 132,
  "medianWinnerLatency": 110.5
}