{
  "averagePlayerLatency": 130.3124410933082,
  "averageWinnerLatency": 103.3457249070632,
  "medianPlayerLatency": 121,
  "medianWinnerLatency": 91
}