{
  "averagePlayerLatency": 127.83754940711462,
  "averageWinnerLatency": 102.90847457627119,
  "medianPlayerLatency": 121,
  "medianWinnerLatency": 91
}