{
  "averagePlayerLatency": 132.93069306930693,
  "averageWinnerLatency": 104.16124837451235,
  "medianPlayerLatency": 112,
  "medianWinnerLatency": 90
}