{
  "averagePlayerLatency": 130.9590948651001,
  "averageWinnerLatency": 103.84269258459324,
  "medianPlayerLatency": 121.5,
  "medianWinnerLatency": 91
}