{
  "averagePlayerLatency": 139.34398034398035,
  "averageWinnerLatency": 105.84649709950915,
  "medianPlayerLatency": 131.5,
  "medianWinnerLatency": 101
}