{
  "averagePlayerLatency": 141.99783986175115,
  "averageWinnerLatency": 108.29485621709193,
  "medianPlayerLatency": 132.5,
  "medianWinnerLatency": 110.5
}