{
  "averagePlayerLatency": 139.89666217127444,
  "averageWinnerLatency": 107.0704960835509,
  "medianPlayerLatency": 131.5,
  "medianWinnerLatency": 102
}