{
  "averagePlayerLatency": 127.801968503937,
  "averageWinnerLatency": 102.9027027027027,
  "medianPlayerLatency": 121,
  "medianWinnerLatency": 91
}