{
  "averagePlayerLatency": 141.50859728506788,
  "averageWinnerLatency": 107.97378199834847,
  "medianPlayerLatency": 132,
  "medianWinnerLatency": 110
}