{
  "averagePlayerLatency": 136.9488789237668,
  "averageWinnerLatency": 104.38097740409879,
  "medianPlayerLatency": 131,
  "medianWinnerLatency": 100
}