{
  "averagePlayerLatency": 129.10388209920922,
  "averageWinnerLatency": 102.6995427824951,
  "medianPlayerLatency": 121.5,
  "medianWinnerLatency": 91
}