{
  "averagePlayerLatency": 141.62451799485862,
  "averageWinnerLatency": 107.79342723004694,
  "medianPlayerLatency": 132,
  "medianWinnerLatency": 110
}