{
  "averagePlayerLatency": 136.14111977971547,
  "averageWinnerLatency": 104.0042328042328,
  "medianPlayerLatency": 130.5,
  "medianWinnerLatency": 96
}