{
  "averagePlayerLatency": 142.53476151980598,
  "averageWinnerLatency": 108.95335450575625,
  "medianPlayerLatency": 133,
  "medianWinnerLatency": 110.5
}