{
  "averagePlayerLatency": 135.8628277153558,
  "averageWinnerLatency": 103.7535885167464,
  "medianPlayerLatency": 130.5,
  "medianWinnerLatency": 92.5
}