{
  "averagePlayerLatency": 138.17649371069183,
  "averageWinnerLatency": 105.52716346153846,
  "medianPlayerLatency": 131,
  "medianWinnerLatency": 101
}