{
  "averagePlayerLatency": 139.4827221438646,
  "averageWinnerLatency": 105.74943971313313,
  "medianPlayerLatency": 131.5,
  "medianWinnerLatency": 101
}