{
  "averagePlayerLatency": 134.75245901639343,
  "averageWinnerLatency": 105.3743169398907,
  "medianPlayerLatency": 120,
  "medianWinnerLatency": 90.5
}