{
  "averagePlayerLatency": 141.53558338423946,
  "averageWinnerLatency": 108.17201166180757,
  "medianPlayerLatency": 132,
  "medianWinnerLatency": 110.5
}