{
  "averagePlayerLatency": 127.65405046480744,
  "averageWinnerLatency": 101.65752589884217,
  "medianPlayerLatency": 121,
  "medianWinnerLatency": 91
}