{
  "averagePlayerLatency": 128.33747412008282,
  "averageWinnerLatency": 102.11189258312021,
  "medianPlayerLatency": 121.5,
  "medianWinnerLatency": 91
}