{
  "averagePlayerLatency": 128.37052341597797,
  "averageWinnerLatency": 102.19235668789808,
  "medianPlayerLatency": 121.5,
  "medianWinnerLatency": 91
}