{
  "averagePlayerLatency": 135.9022591055786,
  "averageWinnerLatency": 103.97563559322033,
  "medianPlayerLatency": 130.5,
  "medianWinnerLatency": 92.5
}