{
  "averagePlayerLatency": 136.40682234432234,
  "averageWinnerLatency": 104.02406134320465,
  "medianPlayerLatency": 130.5,
  "medianWinnerLatency": 99.5
}