{
  "averagePlayerLatency": 132.9460141271443,
  "averageWinnerLatency": 103.12554466230937,
  "medianPlayerLatency": 123,
  "medianWinnerLatency": 92
}