{
  "averagePlayerLatency": 141.34245539764137,
  "averageWinnerLatency": 107.98260149130074,
  "medianPlayerLatency": 132,
  "medianWinnerLatency": 110
}