{
  "averagePlayerLatency": 135.379767827529,
  "averageWinnerLatency": 105.43015521064302,
  "medianPlayerLatency": 120,
  "medianWinnerLatency": 90.5
}