{
  "averagePlayerLatency": 141.48625480342892,
  "averageWinnerLatency": 108.20959183673469,
  "medianPlayerLatency": 132,
  "medianWinnerLatency": 110.5
}