{
  "averagePlayerLatency": 130.81065918653576,
  "averageWinnerLatency": 103.49292452830188,
  "medianPlayerLatency": 111.5,
  "medianWinnerLatency": 90.5
}