{
  "averagePlayerLatency": 141.6941031941032,
  "averageWinnerLatency": 108.27107679465776,
  "medianPlayerLatency": 132,
  "medianWinnerLatency": 110.5
}