{
  "averagePlayerLatency": 139.97061820652175,
  "averageWinnerLatency": 106.89524225229158,
  "medianPlayerLatency": 131.5,
  "medianWinnerLatency": 102
}