{
  "averagePlayerLatency": 142.7425331858407,
  "averageWinnerLatency": 108.59912070343725,
  "medianPlayerLatency": 132.5,
  "medianWinnerLatency": 110.5
}