{
  "averagePlayerLatency": 130.95231455660902,
  "averageWinnerLatency": 103.28021664766248,
  "medianPlayerLatency": 122,
  "medianWinnerLatency": 92
}