{
  "averagePlayerLatency": 141.52377369846525,
  "averageWinnerLatency": 107.95074196207749,
  "medianPlayerLatency": 132,
  "medianWinnerLatency": 110
}