{
  "averagePlayerLatency": 131.79290254237287,
  "averageWinnerLatency": 103.14816870144284,
  "medianPlayerLatency": 122,
  "medianWinnerLatency": 92
}