{
  "averagePlayerLatency": 141.99682722815115,
  "averageWinnerLatency": 108.27948925820834,
  "medianPlayerLatency": 132.5,
  "medianWinnerLatency": 110.5
}