{
  "averagePlayerLatency": 141.24141534786503,
  "averageWinnerLatency": 108.032403609516,
  "medianPlayerLatency": 132,
  "medianWinnerLatency": 110
}