{
  "averagePlayerLatency": 129.64741379310345,
  "averageWinnerLatency": 103.20542412002308,
  "medianPlayerLatency": 121.75,
  "medianWinnerLatency": 92
}