{
  "averagePlayerLatency": 134.0583468395462,
  "averageWinnerLatency": 104.7742980561555,
  "medianPlayerLatency": 113,
  "medianWinnerLatency": 90
}