{
  "averagePlayerLatency": 139.30912280701753,
  "averageWinnerLatency": 105.86775200713649,
  "medianPlayerLatency": 131.5,
  "medianWinnerLatency": 101
}