{
  "averagePlayerLatency": 135.6764705882353,
  "averageWinnerLatency": 103.7344332091538,
  "medianPlayerLatency": 130.5,
  "medianWinnerLatency": 92.5
}