{
  "averagePlayerLatency": 132.81564245810057,
  "averageWinnerLatency": 102.58509389671362,
  "medianPlayerLatency": 112.5,
  "medianWinnerLatency": 89.75
}