{
  "averagePlayerLatency": 127.45963975983989,
  "averageWinnerLatency": 101.76596404215746,
  "medianPlayerLatency": 121,
  "medianWinnerLatency": 91
}