{
  "averagePlayerLatency": 141.7083600256246,
  "averageWinnerLatency": 107.88746803069054,
  "medianPlayerLatency": 132,
  "medianWinnerLatency": 110
}