{
  "averagePlayerLatency": 128.74815724815724,
  "averageWinnerLatency": 103.57303370786516,
  "medianPlayerLatency": 121,
  "medianWinnerLatency": 91
}