{
  "averagePlayerLatency": 128.10288230584467,
  "averageWinnerLatency": 103.14221763085399,
  "medianPlayerLatency": 121,
  "medianWinnerLatency": 91
}