{
  "averagePlayerLatency": 130.59957081545065,
  "averageWinnerLatency": 103.97100930565497,
  "medianPlayerLatency": 121.5,
  "medianWinnerLatency": 91
}