{
  "averagePlayerLatency": 130.55428067078552,
  "averageWinnerLatency": 103.7304347826087,
  "medianPlayerLatency": 121.5,
  "medianWinnerLatency": 91
}