{
  "averagePlayerLatency": 138.51643835616437,
  "averageWinnerLatency": 105.65447154471545,
  "medianPlayerLatency": 131,
  "medianWinnerLatency": 101
}