{
  "averagePlayerLatency": 132.0532945736434,
  "averageWinnerLatency": 102.0982694684796,
  "medianPlayerLatency": 111.5,
  "medianWinnerLatency": 82
}