{
  "averagePlayerLatency": 130.42385321100917,
  "averageWinnerLatency": 103.54310980103169,
  "medianPlayerLatency": 121.25,
  "medianWinnerLatency": 91
}