{
  "averagePlayerLatency": 133.05490196078432,
  "averageWinnerLatency": 103.80166880616174,
  "medianPlayerLatency": 112.25,
  "medianWinnerLatency": 90
}