{
  "averagePlayerLatency": 139.47595792637114,
  "averageWinnerLatency": 106.26635514018692,
  "medianPlayerLatency": 131.5,
  "medianWinnerLatency": 101.5
}