{
  "averagePlayerLatency": 130.33569004524887,
  "averageWinnerLatency": 103.28734974241557,
  "medianPlayerLatency": 122,
  "medianWinnerLatency": 92
}