{
  "averagePlayerLatency": 129.28847505270556,
  "averageWinnerLatency": 102.38292367399741,
  "medianPlayerLatency": 121.5,
  "medianWinnerLatency": 91
}