{
  "averagePlayerLatency": 128.7614960147149,
  "averageWinnerLatency": 102.74646226415095,
  "medianPlayerLatency": 121.5,
  "medianWinnerLatency": 91.5
}