{
  "averagePlayerLatency": 128.6156045751634,
  "averageWinnerLatency": 103.49018920812894,
  "medianPlayerLatency": 121,
  "medianWinnerLatency": 91
}