{
  "averagePlayerLatency": 126.68959107806691,
  "averageWinnerLatency": 108.24743589743589,
  "medianPlayerLatency": 111,
  "medianWinnerLatency": 90.5
}