{
  "averagePlayerLatency": 130.84753146176186,
  "averageWinnerLatency": 102.96078431372548,
  "medianPlayerLatency": 121,
  "medianWinnerLatency": 91
}