{
  "averagePlayerLatency": 139.6900647948164,
  "averageWinnerLatency": 105.74419663177059,
  "medianPlayerLatency": 131.5,
  "medianWinnerLatency": 101
}