{
  "averagePlayerLatency": 131.38967741935483,
  "averageWinnerLatency": 103.12265834076717,
  "medianPlayerLatency": 113,
  "medianWinnerLatency": 90.5
}