{
  "averagePlayerLatency": 134.58183306055648,
  "averageWinnerLatency": 105.28735005452563,
  "medianPlayerLatency": 120,
  "medianWinnerLatency": 90.5
}