{
  "averagePlayerLatency": 135.4110269758637,
  "averageWinnerLatency": 103.6928609483218,
  "medianPlayerLatency": 130.5,
  "medianWinnerLatency": 92.5
}