{
  "averagePlayerLatency": 131.40767045454547,
  "averageWinnerLatency": 103.69278252611586,
  "medianPlayerLatency": 111.5,
  "medianWinnerLatency": 90.5
}