{
  "averagePlayerLatency": 127.65405046480744,
  "averageWinnerLatency": 101.6780696395846,
  "medianPlayerLatency": 121,
  "medianWinnerLatency": 91
}