{
  "averagePlayerLatency": 127.87440570522979,
  "averageWinnerLatency": 103.01054421768707,
  "medianPlayerLatency": 121,
  "medianWinnerLatency": 91
}