{
  "averagePlayerLatency": 128.3385922330097,
  "averageWinnerLatency": 103.18043025676613,
  "medianPlayerLatency": 121,
  "medianWinnerLatency": 91
}