{
  "averagePlayerLatency": 138.52251370399372,
  "averageWinnerLatency": 105.63858305409286,
  "medianPlayerLatency": 131,
  "medianWinnerLatency": 101
}