{
  "averagePlayerLatency": 128.05683624801273,
  "averageWinnerLatency": 103.17793715846994,
  "medianPlayerLatency": 121,
  "medianWinnerLatency": 91
}