{
  "averagePlayerLatency": 131.9037546271814,
  "averageWinnerLatency": 103.20985603543743,
  "medianPlayerLatency": 122,
  "medianWinnerLatency": 92
}