{
  "averagePlayerLatency": 142.54752178649238,
  "averageWinnerLatency": 108.75059713375796,
  "medianPlayerLatency": 133,
  "medianWinnerLatency": 110.5
}