{
  "averagePlayerLatency": 141.7539364001235,
  "averageWinnerLatency": 108.27801003344482,
  "medianPlayerLatency": 132,
  "medianWinnerLatency": 110.5
}