{
  "averagePlayerLatency": 130.39404432132963,
  "averageWinnerLatency": 102.9287037037037,
  "medianPlayerLatency": 111,
  "medianWinnerLatency": 90.5
}