{
  "averagePlayerLatency": 141.46135265700482,
  "averageWinnerLatency": 107.94931733553993,
  "medianPlayerLatency": 132,
  "medianWinnerLatency": 110
}