{
  "averagePlayerLatency": 131.925705794948,
  "averageWinnerLatency": 104.71806387225548,
  "medianPlayerLatency": 111.5,
  "medianWinnerLatency": 90.5
}