{
  "averagePlayerLatency": 128.05847568988173,
  "averageWinnerLatency": 101.90574018126888,
  "medianPlayerLatency": 121,
  "medianWinnerLatency": 91
}