{
  "averagePlayerLatency": 123.54950495049505,
  "averageWinnerLatency": 103.5128617363344,
  "medianPlayerLatency": 102.5,
  "medianWinnerLatency": 81.5
}