{
  "averagePlayerLatency": 132.43093385214007,
  "averageWinnerLatency": 103.01196473551637,
  "medianPlayerLatency": 111.5,
  "medianWinnerLatency": 90
}