{
  "averagePlayerLatency": 132.43093385214007,
  "averageWinnerLatency": 102.94528301886793,
  "medianPlayerLatency": 111.5,
  "medianWinnerLatency": 90
}