{
  "averagePlayerLatency": 130.4488476672288,
  "averageWinnerLatency": 103.29657142857143,
  "medianPlayerLatency": 122,
  "medianWinnerLatency": 92
}