{
  "averagePlayerLatency": 132.43093385214007,
  "averageWinnerLatency": 103.17383059418458,
  "medianPlayerLatency": 111.5,
  "medianWinnerLatency": 90
}