{
  "averagePlayerLatency": 131.71626666666666,
  "averageWinnerLatency": 103.21735491071429,
  "medianPlayerLatency": 122,
  "medianWinnerLatency": 92
}