{
  "averagePlayerLatency": 139.46879358437937,
  "averageWinnerLatency": 106.02998667258996,
  "medianPlayerLatency": 131.5,
  "medianWinnerLatency": 101.5
}