{
  "averagePlayerLatency": 132.54751131221718,
  "averageWinnerLatency": 105.48651452282158,
  "medianPlayerLatency": 112,
  "medianWinnerLatency": 90.5
}