{
  "averagePlayerLatency": 131.85089020771514,
  "averageWinnerLatency": 104.6413043478261,
  "medianPlayerLatency": 111.5,
  "medianWinnerLatency": 90.5
}