{
  "averagePlayerLatency": 130.46971066907776,
  "averageWinnerLatency": 103.3233137829912,
  "medianPlayerLatency": 121.5,
  "medianWinnerLatency": 91
}