{
  "averagePlayerLatency": 132.26761619190404,
  "averageWinnerLatency": 105.51897435897436,
  "medianPlayerLatency": 112,
  "medianWinnerLatency": 90.5
}