{
  "averagePlayerLatency": 131.26493011435832,
  "averageWinnerLatency": 103.2564330079858,
  "medianPlayerLatency": 120,
  "medianWinnerLatency": 90.5
}