{
  "averagePlayerLatency": 138.19208037825058,
  "averageWinnerLatency": 105.37989366843885,
  "medianPlayerLatency": 131,
  "medianWinnerLatency": 101
}