{
  "averagePlayerLatency": 135.7951665884561,
  "averageWinnerLatency": 103.7656914893617,
  "medianPlayerLatency": 130.5,
  "medianWinnerLatency": 92.5
}