{
  "averagePlayerLatency": 128.22709003215434,
  "averageWinnerLatency": 103.21754143646409,
  "medianPlayerLatency": 121,
  "medianWinnerLatency": 91
}