{
  "averagePlayerLatency": 131.925705794948,
  "averageWinnerLatency": 104.79270729270729,
  "medianPlayerLatency": 111.5,
  "medianWinnerLatency": 90.5
}