{
  "averagePlayerLatency": 132.79757462686567,
  "averageWinnerLatency": 102.52882352941177,
  "medianPlayerLatency": 112.5,
  "medianWinnerLatency": 89.5
}