{
  "averagePlayerLatency": 132.7282196969697,
  "averageWinnerLatency": 101.7427536231884,
  "medianPlayerLatency": 112.75,
  "medianWinnerLatency": 81.5
}