{
  "averagePlayerLatency": 129.12788259958072,
  "averageWinnerLatency": 102.13071474565358,
  "medianPlayerLatency": 121.5,
  "medianWinnerLatency": 91
}