{
  "playerCount": [
    [
      1626262791758,
      5
    ],
    [
      1626299361147,
      2
    ],
    [
      1626302963732,
      2
    ],
    [
      1626306567063,
      1
    ],
    [
      1626310170685,
      3
    ],
    [
      1626313773262,
      0
    ],
    [
      1626324047369,
      null
    ],
    [
      1626328210999,
      1
    ],
    [
      1626331815233,
      2
    ],
    [
      1626335420275,
      6
    ],
    [
      1626339023229,
      3
    ],
    [
      1626355871766,
      5
    ],
    [
      1626359474150,
      7
    ],
    [
      1626363078349,
      2
    ],
    [
      1626366683979,
      2
    ],
    [
      1626370288893,
      4
    ],
    [
      1626373893587,
      12
    ],
    [
      1626377497685,
      4
    ],
    [
      1626381102917,
      5
    ],
    [
      1626384707428,
      3
    ],
    [
      1626388312817,
      1
    ],
    [
      1626391918086,
      1
    ],
    [
      1626395522751,
      2
    ],
    [
      1626399134092,
      1
    ],
    [
      1626402737168,
      2
    ],
    [
      1626406342995,
      4
    ],
    [
      1626409948546,
      2
    ],
    [
      1626413558388,
      3
    ],
    [
      1626417822609,
      3
    ],
    [
      1626421422699,
      3
    ],
    [
      1626426035462,
      3
    ],
    [
      1626429685022,
      3
    ],
    [
      1626433293595,
      0
    ],
    [
      1626440504686,
      2
    ],
    [
      1626482547613,
      3
    ],
    [
      1626486151732,
      3
    ],
    [
      1626489754960,
      4
    ],
    [
      1626493358415,
      4
    ],
    [
      1626496964898,
      3
    ],
    [
      1626501052003,
      2
    ],
    [
      1626504655289,
      2
    ],
    [
      1626508258992,
      4
    ],
    [
      1626512669532,
      0
    ]
  ],
  "earnings": [
    [
      1626440799570,
      9807.898341960536
    ],
    [
      1626441422017,
      9805.3758601675
    ],
    [
      1626442045609,
      9805.368005063761
    ],
    [
      1626482566153,
      9805.88829507439
    ],
    [
      1626483196401,
      9872.09612787307
    ],
    [
      1626483822583,
      9872.09612787307
    ],
    [
      1626484363728,
      9872.609608767794
    ],
    [
      1626484984390,
      9872.609608767794
    ],
    [
      1626485606400,
      9872.078902499543
    ],
    [
      1626486166465,
      9872.592383394267
    ],
    [
      1626486787819,
      9872.592383394267
    ],
    [
      1626487407555,
      9872.291081348634
    ],
    [
      1626487966061,
      9872.804562243358
    ],
    [
      1626488579819,
      9872.525995752305
    ],
    [
      1626489199550,
      9872.525995752305
    ],
    [
      1626489767939,
      9873.039476647029
    ],
    [
      1626490388264,
      9873.039476647029
    ],
    [
      1626491007323,
      9873.039476647029
    ],
    [
      1626491569230,
      9873.552957541753
    ],
    [
      1626492190457,
      9873.552957541753
    ],
    [
      1626492809377,
      9873.552957541753
    ],
    [
      1626493371435,
      9874.066438436477
    ],
    [
      1626493993169,
      9874.066438436477
    ],
    [
      1626494615083,
      9874.066438436477
    ],
    [
      1626495173542,
      9874.579919331201
    ],
    [
      1626495794271,
      9874.579919331201
    ],
    [
      1626496416740,
      9874.579919331201
    ],
    [
      1626496981402,
      9875.093400225927
    ],
    [
      1626497596646,
      9875.093400225927
    ],
    [
      1626498218883,
      9875.093400225927
    ],
    [
      1626498358642,
      9875.606881120651
    ],
    [
      1626498521300,
      9876.120362015376
    ],
    [
      1626498974942,
      9876.6338429101
    ],
    [
      1626499595178,
      9876.6338429101
    ],
    [
      1626499823572,
      9877.147323804824
    ],
    [
      1626500442732,
      9877.147323804824
    ],
    [
      1626501065941,
      9877.147323804824
    ],
    [
      1626501626186,
      9877.660804699548
    ],
    [
      1626502247959,
      9877.660804699548
    ],
    [
      1626502870298,
      9877.660804699548
    ],
    [
      1626503429069,
      9878.174285594272
    ],
    [
      1626504049048,
      9878.174285594272
    ],
    [
      1626504668996,
      9878.174285594272
    ],
    [
      1626505229234,
      9878.687766488996
    ],
    [
      1626505849438,
      9878.687766488996
    ],
    [
      1626506469233,
      9878.687766488996
    ],
    [
      1626507030684,
      9879.20124738372
    ],
    [
      1626507651215,
      9879.20124738372
    ],
    [
      1626508272434,
      9633.141121960087
    ],
    [
      1626508834103,
      9633.654602854811
    ],
    [
      1626509452476,
      9634.753099973483
    ],
    [
      1626510073283,
      9634.753099973483
    ],
    [
      1626510633280,
      9635.266580868207
    ],
    [
      1626511250804,
      8614.236398744657
    ],
    [
      1626513288592,
      8614.749879639383
    ],
    [
      1626513903861,
      8793.461409766836
    ],
    [
      1626513953457,
      8793.97489066156
    ],
    [
      1626513997187,
      10180.391820792043
    ],
    [
      1626514611415,
      10180.905301686767
    ]
  ]
}