{
  "averagePlayerLatency": 123.02962535071794,
  "averageWinnerLatency": 95.1555859457185,
  "medianPlayerLatency": 101.5,
  "medianWinnerLatency": 71
}