{
  "averagePlayerLatency": 113.8551991012358,
  "averageWinnerLatency": 93.83644457208501,
  "medianPlayerLatency": 93,
  "medianWinnerLatency": 78
}