{
  "averagePlayerLatency": 113.20991001384402,
  "averageWinnerLatency": 93.97830687830688,
  "medianPlayerLatency": 92,
  "medianWinnerLatency": 72.75
}