{
  "averagePlayerLatency": 119.55542809947693,
  "averageWinnerLatency": 94.99508050089446,
  "medianPlayerLatency": 99.5,
  "medianWinnerLatency": 71.5
}