{
  "averagePlayerLatency": 119.51230727616986,
  "averageWinnerLatency": 94.76508810572687,
  "medianPlayerLatency": 99.5,
  "medianWinnerLatency": 71.5
}