{
  "averagePlayerLatency": 122.35291663189518,
  "averageWinnerLatency": 94.98974630021142,
  "medianPlayerLatency": 101,
  "medianWinnerLatency": 71
}