{
  "averagePlayerLatency": 121.92085606378514,
  "averageWinnerLatency": 94.85740033927057,
  "medianPlayerLatency": 101,
  "medianWinnerLatency": 71
}