{
  "averagePlayerLatency": 123.04888359875225,
  "averageWinnerLatency": 95.16663166736666,
  "medianPlayerLatency": 101.5,
  "medianWinnerLatency": 71
}