{
  "averagePlayerLatency": 113.75878991179029,
  "averageWinnerLatency": 93.8886032562125,
  "medianPlayerLatency": 92.5,
  "medianWinnerLatency": 79
}