{
  "averagePlayerLatency": 119.37112376819455,
  "averageWinnerLatency": 94.60905077262693,
  "medianPlayerLatency": 99,
  "medianWinnerLatency": 71.5
}