{
  "averagePlayerLatency": 112.87971165537607,
  "averageWinnerLatency": 93.05762489044697,
  "medianPlayerLatency": 96.5,
  "medianWinnerLatency": 81
}