{
  "averagePlayerLatency": 119.50041122178561,
  "averageWinnerLatency": 94.89988851727982,
  "medianPlayerLatency": 99.5,
  "medianWinnerLatency": 71.5
}