{
  "averagePlayerLatency": 113.7777432197064,
  "averageWinnerLatency": 93.88892069853993,
  "medianPlayerLatency": 92.5,
  "medianWinnerLatency": 78
}