{
  "averagePlayerLatency": 113.3966363859563,
  "averageWinnerLatency": 94.21955354619949,
  "medianPlayerLatency": 92,
  "medianWinnerLatency": 79
}