{
  "averagePlayerLatency": 123.05638018697721,
  "averageWinnerLatency": 95.18307789208482,
  "medianPlayerLatency": 101.5,
  "medianWinnerLatency": 71
}