{
  "averagePlayerLatency": 113.16536761284318,
  "averageWinnerLatency": 93.80819540843567,
  "medianPlayerLatency": 91.5,
  "medianWinnerLatency": 72.25
}