{
  "averagePlayerLatency": 121.31799582099947,
  "averageWinnerLatency": 95.41364029399048,
  "medianPlayerLatency": 100.5,
  "medianWinnerLatency": 71.5
}