{
  "averagePlayerLatency": 121.87912503148878,
  "averageWinnerLatency": 94.86882290562036,
  "medianPlayerLatency": 101,
  "medianWinnerLatency": 71
}