{
  "averagePlayerLatency": 121.53960396039604,
  "averageWinnerLatency": 95.07344753747323,
  "medianPlayerLatency": 100.5,
  "medianWinnerLatency": 71.5
}