{
  "averagePlayerLatency": 113.36170734698884,
  "averageWinnerLatency": 94.16690180586907,
  "medianPlayerLatency": 92,
  "medianWinnerLatency": 79
}