{
  "averagePlayerLatency": 113.20947746495192,
  "averageWinnerLatency": 94.07664718384697,
  "medianPlayerLatency": 92,
  "medianWinnerLatency": 76
}