{
  "averagePlayerLatency": 113.19157906896153,
  "averageWinnerLatency": 94.02634365898861,
  "medianPlayerLatency": 92,
  "medianWinnerLatency": 75
}