{
  "averagePlayerLatency": 123.03448843526216,
  "averageWinnerLatency": 95.10584401933993,
  "medianPlayerLatency": 101.5,
  "medianWinnerLatency": 71
}