{
  "averagePlayerLatency": 121.47273879966188,
  "averageWinnerLatency": 94.86757504790292,
  "medianPlayerLatency": 100.5,
  "medianWinnerLatency": 71
}