{
  "averagePlayerLatency": 113.19131141828319,
  "averageWinnerLatency": 93.89701572075673,
  "medianPlayerLatency": 91.5,
  "medianWinnerLatency": 72.5
}