{
  "averagePlayerLatency": 122.40227537922988,
  "averageWinnerLatency": 94.98848753696663,
  "medianPlayerLatency": 101,
  "medianWinnerLatency": 71
}