{
  "averagePlayerLatency": 119.29517472388194,
  "averageWinnerLatency": 94.66935662171126,
  "medianPlayerLatency": 99,
  "medianWinnerLatency": 71.5
}