{
  "averagePlayerLatency": 122.98393093192333,
  "averageWinnerLatency": 95.18069880025257,
  "medianPlayerLatency": 101.5,
  "medianWinnerLatency": 71
}