{
  "averagePlayerLatency": 113.9786153267277,
  "averageWinnerLatency": 93.9799364896074,
  "medianPlayerLatency": 93,
  "medianWinnerLatency": 79
}