{
  "averagePlayerLatency": 113.29539106145252,
  "averageWinnerLatency": 92.01104728236854,
  "medianPlayerLatency": 96,
  "medianWinnerLatency": 81.5
}