{
  "averagePlayerLatency": 113.78641886202334,
  "averageWinnerLatency": 94.4702576754386,
  "medianPlayerLatency": 92.5,
  "medianWinnerLatency": 79
}