{
  "averagePlayerLatency": 119.25183473770046,
  "averageWinnerLatency": 94.58455068614431,
  "medianPlayerLatency": 99,
  "medianWinnerLatency": 71.5
}