{
  "averagePlayerLatency": 113.39885788296245,
  "averageWinnerLatency": 94.08178388574508,
  "medianPlayerLatency": 92,
  "medianWinnerLatency": 76.5
}