{
  "averagePlayerLatency": 122.42181121386321,
  "averageWinnerLatency": 95.00887011615629,
  "medianPlayerLatency": 101,
  "medianWinnerLatency": 71
}