{
  "averagePlayerLatency": 113.65485721113633,
  "averageWinnerLatency": 94.50503949877418,
  "medianPlayerLatency": 92,
  "medianWinnerLatency": 79
}