{
  "averagePlayerLatency": 119.55525495231107,
  "averageWinnerLatency": 94.98871256146624,
  "medianPlayerLatency": 99.5,
  "medianWinnerLatency": 71.5
}