{
  "averagePlayerLatency": 119.51412793373217,
  "averageWinnerLatency": 94.99350358422939,
  "medianPlayerLatency": 99.5,
  "medianWinnerLatency": 71.5
}