{
  "averagePlayerLatency": 119.70247302158273,
  "averageWinnerLatency": 94.94536059806508,
  "medianPlayerLatency": 99.5,
  "medianWinnerLatency": 71.5
}