{
  "averagePlayerLatency": 119.54326306141155,
  "averageWinnerLatency": 94.97430167597766,
  "medianPlayerLatency": 99.5,
  "medianWinnerLatency": 71.5
}