{
  "averagePlayerLatency": 113.58115626511852,
  "averageWinnerLatency": 94.39774291219378,
  "medianPlayerLatency": 92.5,
  "medianWinnerLatency": 79
}