{
  "averagePlayerLatency": 113.3945235756385,
  "averageWinnerLatency": 94.22880158281515,
  "medianPlayerLatency": 92,
  "medianWinnerLatency": 79
}