{
  "averagePlayerLatency": 113.18195025569503,
  "averageWinnerLatency": 93.85306666666666,
  "medianPlayerLatency": 91.5,
  "medianWinnerLatency": 72.5
}