{
  "averagePlayerLatency": 119.26848591549296,
  "averageWinnerLatency": 95.03937007874016,
  "medianPlayerLatency": 99,
  "medianWinnerLatency": 71.5
}