{
  "averagePlayerLatency": 113.66643962848298,
  "averageWinnerLatency": 93.99814920273349,
  "medianPlayerLatency": 92.5,
  "medianWinnerLatency": 79
}