{
  "averagePlayerLatency": 113.8497755051135,
  "averageWinnerLatency": 93.88203214695751,
  "medianPlayerLatency": 92.75,
  "medianWinnerLatency": 78.25
}