{
  "averagePlayerLatency": 113.61697470817121,
  "averageWinnerLatency": 94.48044925124792,
  "medianPlayerLatency": 92.5,
  "medianWinnerLatency": 79
}