{
  "averagePlayerLatency": 113.20464767616193,
  "averageWinnerLatency": 93.98016397778366,
  "medianPlayerLatency": 92,
  "medianWinnerLatency": 73
}