{
  "averagePlayerLatency": 113.69673405909798,
  "averageWinnerLatency": 94.50054540496319,
  "medianPlayerLatency": 92.5,
  "medianWinnerLatency": 79
}