{
  "averagePlayerLatency": 113.91058348067693,
  "averageWinnerLatency": 94.11140197789412,
  "medianPlayerLatency": 93,
  "medianWinnerLatency": 79.5
}