{
  "averagePlayerLatency": 113.24065934065933,
  "averageWinnerLatency": 94.1209549071618,
  "medianPlayerLatency": 92,
  "medianWinnerLatency": 76.25
}