{
  "averagePlayerLatency": 113.89361297680902,
  "averageWinnerLatency": 94.55840163934427,
  "medianPlayerLatency": 94,
  "medianWinnerLatency": 74.25
}