{
  "averagePlayerLatency": 113.18460823064403,
  "averageWinnerLatency": 93.86996532408642,
  "medianPlayerLatency": 91.5,
  "medianWinnerLatency": 72.5
}