{
  "averagePlayerLatency": 113.84934550258197,
  "averageWinnerLatency": 94.56444991789819,
  "medianPlayerLatency": 92.5,
  "medianWinnerLatency": 79.5
}