{
  "averagePlayerLatency": 113.52809789711299,
  "averageWinnerLatency": 94.32818009221589,
  "medianPlayerLatency": 92,
  "medianWinnerLatency": 78.5
}