{
  "averagePlayerLatency": 113.7874149659864,
  "averageWinnerLatency": 93.98984918793504,
  "medianPlayerLatency": 93,
  "medianWinnerLatency": 79
}