{
  "averagePlayerLatency": 113.80966616841056,
  "averageWinnerLatency": 93.9709002293578,
  "medianPlayerLatency": 92.5,
  "medianWinnerLatency": 79
}