{
  "averagePlayerLatency": 119.28698389187187,
  "averageWinnerLatency": 95.05082077805262,
  "medianPlayerLatency": 99,
  "medianWinnerLatency": 71.5
}