{
  "averagePlayerLatency": 120.55778448428902,
  "averageWinnerLatency": 95.64576973397295,
  "medianPlayerLatency": 100.5,
  "medianWinnerLatency": 72
}