{
  "averagePlayerLatency": 113.7412005785921,
  "averageWinnerLatency": 94.49588364434688,
  "medianPlayerLatency": 92.5,
  "medianWinnerLatency": 79.25
}