{
  "averagePlayerLatency": 113.17001393081031,
  "averageWinnerLatency": 93.97165291455948,
  "medianPlayerLatency": 91.5,
  "medianWinnerLatency": 73
}