{
  "averagePlayerLatency": 121.8436948668403,
  "averageWinnerLatency": 94.88035638523547,
  "medianPlayerLatency": 101,
  "medianWinnerLatency": 71
}