{
  "averagePlayerLatency": 114.0347336454511,
  "averageWinnerLatency": 94.24927028604787,
  "medianPlayerLatency": 93,
  "medianWinnerLatency": 80
}