{
  "averagePlayerLatency": 113.668961352657,
  "averageWinnerLatency": 94.50343500961803,
  "medianPlayerLatency": 92.5,
  "medianWinnerLatency": 79.5
}