{
  "averagePlayerLatency": 119.18726201269266,
  "averageWinnerLatency": 94.59851507092199,
  "medianPlayerLatency": 99,
  "medianWinnerLatency": 71.5
}