{
  "averagePlayerLatency": 114.02669534412955,
  "averageWinnerLatency": 94.19597550306212,
  "medianPlayerLatency": 93,
  "medianWinnerLatency": 80
}