{
  "averagePlayerLatency": 123.23513425813256,
  "averageWinnerLatency": 95.07435682911525,
  "medianPlayerLatency": 101.5,
  "medianWinnerLatency": 71
}