{
  "averagePlayerLatency": 119.68843317143372,
  "averageWinnerLatency": 94.92819441389928,
  "medianPlayerLatency": 99.5,
  "medianWinnerLatency": 71.5
}