{
  "averagePlayerLatency": 119.47746543778801,
  "averageWinnerLatency": 95.04058295964126,
  "medianPlayerLatency": 99.5,
  "medianWinnerLatency": 71.5
}