{
  "averagePlayerLatency": 119.4422069712841,
  "averageWinnerLatency": 94.6764770723104,
  "medianPlayerLatency": 99,
  "medianWinnerLatency": 71.5
}