{
  "averagePlayerLatency": 113.14284880326912,
  "averageWinnerLatency": 93.74899598393574,
  "medianPlayerLatency": 91.5,
  "medianWinnerLatency": 72
}