{
  "averagePlayerLatency": 114.86371191135734,
  "averageWinnerLatency": 92.26544943820225,
  "medianPlayerLatency": 98,
  "medianWinnerLatency": 82.5
}