{
  "averagePlayerLatency": 114.87744735869967,
  "averageWinnerLatency": 92.04151031894935,
  "medianPlayerLatency": 98,
  "medianWinnerLatency": 82.25
}