{
  "averagePlayerLatency": 113.14877622377622,
  "averageWinnerLatency": 93.72520716385993,
  "medianPlayerLatency": 91.5,
  "medianWinnerLatency": 72
}