{
  "averagePlayerLatency": 120.05401414123332,
  "averageWinnerLatency": 95.22469325153374,
  "medianPlayerLatency": 100,
  "medianWinnerLatency": 71.5
}