{
  "averagePlayerLatency": 119.5148076390811,
  "averageWinnerLatency": 94.98014359434598,
  "medianPlayerLatency": 99.5,
  "medianWinnerLatency": 71.5
}