{
  "averagePlayerLatency": 113.22700399930447,
  "averageWinnerLatency": 91.9508124725516,
  "medianPlayerLatency": 96,
  "medianWinnerLatency": 81.5
}