{
  "averagePlayerLatency": 113.65776263893869,
  "averageWinnerLatency": 94.49196185286104,
  "medianPlayerLatency": 92,
  "medianWinnerLatency": 79
}