{
  "averagePlayerLatency": 113.25118155619596,
  "averageWinnerLatency": 94.04700290467389,
  "medianPlayerLatency": 92,
  "medianWinnerLatency": 73
}