{
  "averagePlayerLatency": 113.97662028331453,
  "averageWinnerLatency": 93.95152914021928,
  "medianPlayerLatency": 93,
  "medianWinnerLatency": 79
}