{
  "averagePlayerLatency": 114.94532987398073,
  "averageWinnerLatency": 92.18190386427898,
  "medianPlayerLatency": 98,
  "medianWinnerLatency": 82.5
}