{
  "averagePlayerLatency": 113.60565991102324,
  "averageWinnerLatency": 94.22250639386189,
  "medianPlayerLatency": 92.5,
  "medianWinnerLatency": 79
}