{
  "averagePlayerLatency": 113.52713913249585,
  "averageWinnerLatency": 94.25555254604551,
  "medianPlayerLatency": 92,
  "medianWinnerLatency": 78
}