{
  "averagePlayerLatency": 121.51841371737478,
  "averageWinnerLatency": 94.84869121089594,
  "medianPlayerLatency": 100.5,
  "medianWinnerLatency": 71
}