{
  "averagePlayerLatency": 113.5817203000242,
  "averageWinnerLatency": 94.42770586615258,
  "medianPlayerLatency": 92.5,
  "medianWinnerLatency": 79
}