{
  "averagePlayerLatency": 121.497127165188,
  "averageWinnerLatency": 94.85813111962537,
  "medianPlayerLatency": 100.5,
  "medianWinnerLatency": 71
}