{
  "averagePlayerLatency": 121.58186010760953,
  "averageWinnerLatency": 95.10188557960146,
  "medianPlayerLatency": 100.5,
  "medianWinnerLatency": 71.5
}