{
  "averagePlayerLatency": 122.22251024333139,
  "averageWinnerLatency": 94.94826491747779,
  "medianPlayerLatency": 101,
  "medianWinnerLatency": 71
}