{
  "averagePlayerLatency": 123.04715127701375,
  "averageWinnerLatency": 95.16883525708289,
  "medianPlayerLatency": 101.5,
  "medianWinnerLatency": 71
}