{
  "averagePlayerLatency": 113.9090909090909,
  "averageWinnerLatency": 94.6117285756069,
  "medianPlayerLatency": 94,
  "medianWinnerLatency": 75
}