{
  "averagePlayerLatency": 113.77045511066899,
  "averageWinnerLatency": 93.89722698684963,
  "medianPlayerLatency": 92.5,
  "medianWinnerLatency": 79
}