{
  "averagePlayerLatency": 113.21232560820938,
  "averageWinnerLatency": 94.06988110964333,
  "medianPlayerLatency": 92,
  "medianWinnerLatency": 75
}