{
  "averagePlayerLatency": 113.62197935640559,
  "averageWinnerLatency": 94.4944613680421,
  "medianPlayerLatency": 92.5,
  "medianWinnerLatency": 79.5
}