{
  "averagePlayerLatency": 119.50982722369504,
  "averageWinnerLatency": 94.90521855486173,
  "medianPlayerLatency": 99.5,
  "medianWinnerLatency": 71.5
}