{
  "averagePlayerLatency": 113.49421624173749,
  "averageWinnerLatency": 94.19214150688632,
  "medianPlayerLatency": 92,
  "medianWinnerLatency": 77
}