{
  "averagePlayerLatency": 113.68447805603769,
  "averageWinnerLatency": 93.93512974051896,
  "medianPlayerLatency": 92.5,
  "medianWinnerLatency": 79
}