{
  "averagePlayerLatency": 113.51535141800247,
  "averageWinnerLatency": 94.31853007945516,
  "medianPlayerLatency": 92.5,
  "medianWinnerLatency": 79.5
}