{
  "averagePlayerLatency": 113.52339037301489,
  "averageWinnerLatency": 94.35530045351474,
  "medianPlayerLatency": 92.5,
  "medianWinnerLatency": 79.5
}