{
  "averagePlayerLatency": 113.30504840093126,
  "averageWinnerLatency": 94.28569417065616,
  "medianPlayerLatency": 92,
  "medianWinnerLatency": 79
}