{
  "averagePlayerLatency": 119.72305133507147,
  "averageWinnerLatency": 94.99857174247418,
  "medianPlayerLatency": 99.5,
  "medianWinnerLatency": 71.5
}