{
  "averagePlayerLatency": 113.0607999077916,
  "averageWinnerLatency": 94.4311345646438,
  "medianPlayerLatency": 91.75,
  "medianWinnerLatency": 75.75
}