{
  "averagePlayerLatency": 113.20437998382064,
  "averageWinnerLatency": 94.06624271330153,
  "medianPlayerLatency": 92,
  "medianWinnerLatency": 75.75
}