{
  "averagePlayerLatency": 113.19857011070111,
  "averageWinnerLatency": 94.0811310782241,
  "medianPlayerLatency": 91.75,
  "medianWinnerLatency": 75.25
}