{
  "averagePlayerLatency": 113.75397329942784,
  "averageWinnerLatency": 94.0952451269935,
  "medianPlayerLatency": 93.5,
  "medianWinnerLatency": 72
}