{
  "averagePlayerLatency": 121.46700155898147,
  "averageWinnerLatency": 95.37373301703688,
  "medianPlayerLatency": 100.5,
  "medianWinnerLatency": 71.5
}