{
  "averagePlayerLatency": 122.02531433361274,
  "averageWinnerLatency": 94.82072472981564,
  "medianPlayerLatency": 101,
  "medianWinnerLatency": 71
}