{
  "averagePlayerLatency": 123.15054069436539,
  "averageWinnerLatency": 95.03569932998325,
  "medianPlayerLatency": 101.5,
  "medianWinnerLatency": 71
}