{
  "averagePlayerLatency": 113.84373018891847,
  "averageWinnerLatency": 94.48637961335676,
  "medianPlayerLatency": 94,
  "medianWinnerLatency": 73.25
}