{
  "averagePlayerLatency": 121.43563472493835,
  "averageWinnerLatency": 94.9297308842375,
  "medianPlayerLatency": 100.5,
  "medianWinnerLatency": 71
}