{
  "averagePlayerLatency": 113.20786516853933,
  "averageWinnerLatency": 94.09203187250996,
  "medianPlayerLatency": 92,
  "medianWinnerLatency": 76
}