{
  "averagePlayerLatency": 123.44371155713823,
  "averageWinnerLatency": 95.03626672240803,
  "medianPlayerLatency": 102,
  "medianWinnerLatency": 71
}