{
  "averagePlayerLatency": 112.38974358974359,
  "averageWinnerLatency": 97.43275245755139,
  "medianPlayerLatency": 81,
  "medianWinnerLatency": 70.5
}