{
  "averagePlayerLatency": 119.57890639311229,
  "averageWinnerLatency": 94.94985481349117,
  "medianPlayerLatency": 99.5,
  "medianWinnerLatency": 71.5
}