{
  "averagePlayerLatency": 113.47823779193206,
  "averageWinnerLatency": 94.16302294197031,
  "medianPlayerLatency": 92,
  "medianWinnerLatency": 77
}