{
  "averagePlayerLatency": 113.59973355940414,
  "averageWinnerLatency": 94.5060706401766,
  "medianPlayerLatency": 92.5,
  "medianWinnerLatency": 79.5
}