{
  "averagePlayerLatency": 113.79946075494308,
  "averageWinnerLatency": 94.58793009284544,
  "medianPlayerLatency": 92.5,
  "medianWinnerLatency": 79.5
}