{
  "averagePlayerLatency": 120.82911671368124,
  "averageWinnerLatency": 95.58880434782608,
  "medianPlayerLatency": 100.5,
  "medianWinnerLatency": 71.5
}