{
  "averagePlayerLatency": 119.51323678627433,
  "averageWinnerLatency": 94.99719605204128,
  "medianPlayerLatency": 99.5,
  "medianWinnerLatency": 71.5
}