{
  "averagePlayerLatency": 113.70372603400459,
  "averageWinnerLatency": 94.47488333790832,
  "medianPlayerLatency": 92.5,
  "medianWinnerLatency": 79
}