{
  "averagePlayerLatency": 119.55261231585689,
  "averageWinnerLatency": 94.94720982142857,
  "medianPlayerLatency": 99.5,
  "medianWinnerLatency": 71.5
}