{
  "averagePlayerLatency": 113.1740147351187,
  "averageWinnerLatency": 93.80353792548914,
  "medianPlayerLatency": 91.5,
  "medianWinnerLatency": 72.5
}