{
  "averagePlayerLatency": 114.0347336454511,
  "averageWinnerLatency": 94.2332944266122,
  "medianPlayerLatency": 93,
  "medianWinnerLatency": 80
}