{
  "averagePlayerLatency": 121.53878317262566,
  "averageWinnerLatency": 95.06187111967459,
  "medianPlayerLatency": 100.5,
  "medianWinnerLatency": 71.5
}