{
  "averagePlayerLatency": 113.48899538516152,
  "averageWinnerLatency": 94.28496077901,
  "medianPlayerLatency": 92,
  "medianWinnerLatency": 78
}