{
  "averagePlayerLatency": 121.63403017786395,
  "averageWinnerLatency": 94.83134962805526,
  "medianPlayerLatency": 100.5,
  "medianWinnerLatency": 71
}