{
  "averagePlayerLatency": 113.80170223577235,
  "averageWinnerLatency": 94.37477928193054,
  "medianPlayerLatency": 93.75,
  "medianWinnerLatency": 72.75
}