{
  "averagePlayerLatency": 121.18252164029029,
  "averageWinnerLatency": 95.46168001731976,
  "medianPlayerLatency": 100.5,
  "medianWinnerLatency": 71.5
}