{
  "averagePlayerLatency": 114.9295905132481,
  "averageWinnerLatency": 92.16125235404897,
  "medianPlayerLatency": 98,
  "medianWinnerLatency": 82.5
}