{
  "averagePlayerLatency": 113.99607942329581,
  "averageWinnerLatency": 94.16161468959487,
  "medianPlayerLatency": 93,
  "medianWinnerLatency": 80
}