{
  "averagePlayerLatency": 121.53974413646056,
  "averageWinnerLatency": 95.03851915257864,
  "medianPlayerLatency": 100.5,
  "medianWinnerLatency": 71.5
}