{
  "averagePlayerLatency": 112.90368852459017,
  "averageWinnerLatency": 98.5518590998043,
  "medianPlayerLatency": 81.5,
  "medianWinnerLatency": 71
}