{
  "averagePlayerLatency": 113.78784797254353,
  "averageWinnerLatency": 94.1555489964581,
  "medianPlayerLatency": 93.5,
  "medianWinnerLatency": 72
}