{
  "averagePlayerLatency": 119.15630671506352,
  "averageWinnerLatency": 94.63473053892216,
  "medianPlayerLatency": 98.5,
  "medianWinnerLatency": 71.5
}