{
  "averagePlayerLatency": 120.13325292593585,
  "averageWinnerLatency": 95.41043307086615,
  "medianPlayerLatency": 100,
  "medianWinnerLatency": 71.5
}