{
  "averagePlayerLatency": 120.05771812080538,
  "averageWinnerLatency": 95.24567360350493,
  "medianPlayerLatency": 100,
  "medianWinnerLatency": 71.5
}