{
  "averagePlayerLatency": 119.49621945597049,
  "averageWinnerLatency": 95.01670778201391,
  "medianPlayerLatency": 99.5,
  "medianWinnerLatency": 71.5
}