{
  "averagePlayerLatency": 121.38179198101213,
  "averageWinnerLatency": 94.85476647472808,
  "medianPlayerLatency": 100.5,
  "medianWinnerLatency": 71
}