{
  "averagePlayerLatency": 121.07300613496932,
  "averageWinnerLatency": 95.4886191198786,
  "medianPlayerLatency": 100.5,
  "medianWinnerLatency": 71.5
}