{
  "averagePlayerLatency": 119.47048088329227,
  "averageWinnerLatency": 94.84844097995546,
  "medianPlayerLatency": 99.5,
  "medianWinnerLatency": 71.5
}