{
  "averagePlayerLatency": 121.58821517147011,
  "averageWinnerLatency": 95.14014582886554,
  "medianPlayerLatency": 100.5,
  "medianWinnerLatency": 71.5
}