{
  "averagePlayerLatency": 120.23665686536577,
  "averageWinnerLatency": 95.49355613805155,
  "medianPlayerLatency": 100,
  "medianWinnerLatency": 71.5
}