{
  "averagePlayerLatency": 121.24908296943231,
  "averageWinnerLatency": 95.47046093919064,
  "medianPlayerLatency": 100.5,
  "medianWinnerLatency": 71.5
}