{
  "averagePlayerLatency": 113.19744850187266,
  "averageWinnerLatency": 93.81563421828909,
  "medianPlayerLatency": 91.5,
  "medianWinnerLatency": 72.5
}