{
  "averagePlayerLatency": 119.28669745540161,
  "averageWinnerLatency": 94.61637168141593,
  "medianPlayerLatency": 99,
  "medianWinnerLatency": 71.5
}