{
  "averagePlayerLatency": 121.61029597773843,
  "averageWinnerLatency": 94.84289965986395,
  "medianPlayerLatency": 100.5,
  "medianWinnerLatency": 71
}