{
  "averagePlayerLatency": 113.43867518741551,
  "averageWinnerLatency": 94.28961516694963,
  "medianPlayerLatency": 92,
  "medianWinnerLatency": 79
}