{
  "averagePlayerLatency": 120.06496062992126,
  "averageWinnerLatency": 95.28427507665353,
  "medianPlayerLatency": 100,
  "medianWinnerLatency": 71.5
}