{
  "averagePlayerLatency": 113.51615767045455,
  "averageWinnerLatency": 94.26582792207792,
  "medianPlayerLatency": 92,
  "medianWinnerLatency": 78
}