{
  "averagePlayerLatency": 121.68728421052631,
  "averageWinnerLatency": 94.84306646846464,
  "medianPlayerLatency": 101,
  "medianWinnerLatency": 71
}