{
  "averagePlayerLatency": 114.87744735869967,
  "averageWinnerLatency": 92.07085875175974,
  "medianPlayerLatency": 98,
  "medianWinnerLatency": 82.5
}