{
  "averagePlayerLatency": 119.48572481119912,
  "averageWinnerLatency": 95.0158000896459,
  "medianPlayerLatency": 99.5,
  "medianWinnerLatency": 71.5
}