{
  "averagePlayerLatency": 119.56411899313501,
  "averageWinnerLatency": 94.96159857110962,
  "medianPlayerLatency": 99.5,
  "medianWinnerLatency": 71.5
}