{
  "averagePlayerLatency": 114.94713411240957,
  "averageWinnerLatency": 92.29054373522459,
  "medianPlayerLatency": 98,
  "medianWinnerLatency": 82.5
}