{
  "averagePlayerLatency": 113.52257872846108,
  "averageWinnerLatency": 94.34264785675529,
  "medianPlayerLatency": 92,
  "medianWinnerLatency": 78.75
}