{
  "averagePlayerLatency": 120.70675460339943,
  "averageWinnerLatency": 95.69109320557492,
  "medianPlayerLatency": 100.5,
  "medianWinnerLatency": 72
}