{
  "averagePlayerLatency": 113.20423188405798,
  "averageWinnerLatency": 94.02764486975013,
  "medianPlayerLatency": 92,
  "medianWinnerLatency": 75.75
}