{
  "averagePlayerLatency": 113.16144859813085,
  "averageWinnerLatency": 93.76339046598822,
  "medianPlayerLatency": 91.5,
  "medianWinnerLatency": 72
}