{
  "averagePlayerLatency": 113.35491649023758,
  "averageWinnerLatency": 94.00053806833468,
  "medianPlayerLatency": 92,
  "medianWinnerLatency": 75.5
}