{
  "averagePlayerLatency": 121.40323536884898,
  "averageWinnerLatency": 94.83201875932637,
  "medianPlayerLatency": 100.5,
  "medianWinnerLatency": 71
}