{
  "averagePlayerLatency": 120.13438699883918,
  "averageWinnerLatency": 95.45463489287276,
  "medianPlayerLatency": 100,
  "medianWinnerLatency": 71.5
}