{
  "averagePlayerLatency": 113.54682872655479,
  "averageWinnerLatency": 94.26817149346962,
  "medianPlayerLatency": 92.5,
  "medianWinnerLatency": 79.25
}