{
  "averagePlayerLatency": 113.90984541307654,
  "averageWinnerLatency": 94.59291776412057,
  "medianPlayerLatency": 94,
  "medianWinnerLatency": 75
}