{
  "averagePlayerLatency": 120.83325985362843,
  "averageWinnerLatency": 95.602957164601,
  "medianPlayerLatency": 100.5,
  "medianWinnerLatency": 71.5
}