{
  "averagePlayerLatency": 113.83339330694494,
  "averageWinnerLatency": 94.62049180327868,
  "medianPlayerLatency": 92.5,
  "medianWinnerLatency": 79.5
}