{
  "averagePlayerLatency": 119.3941872285371,
  "averageWinnerLatency": 95.01673405211142,
  "medianPlayerLatency": 99,
  "medianWinnerLatency": 71.5
}