{
  "averagePlayerLatency": 113.39885788296245,
  "averageWinnerLatency": 94.06734913793103,
  "medianPlayerLatency": 92,
  "medianWinnerLatency": 76.25
}