{
  "averagePlayerLatency": 121.55215189873418,
  "averageWinnerLatency": 94.86590812420246,
  "medianPlayerLatency": 100.5,
  "medianWinnerLatency": 71
}