{
  "averagePlayerLatency": 113.83937920718026,
  "averageWinnerLatency": 93.92928858290304,
  "medianPlayerLatency": 92.75,
  "medianWinnerLatency": 78.75
}