{
  "averagePlayerLatency": 113.76754122036346,
  "averageWinnerLatency": 94.48766109130793,
  "medianPlayerLatency": 92.5,
  "medianWinnerLatency": 79
}