{
  "averagePlayerLatency": 119.75217938348162,
  "averageWinnerLatency": 95.02185852372584,
  "medianPlayerLatency": 99.5,
  "medianWinnerLatency": 71.5
}