{
  "averagePlayerLatency": 113.76230730979613,
  "averageWinnerLatency": 93.91354672763647,
  "medianPlayerLatency": 92.5,
  "medianWinnerLatency": 79
}