{
  "averagePlayerLatency": 119.30964880521361,
  "averageWinnerLatency": 94.65528293545535,
  "medianPlayerLatency": 99,
  "medianWinnerLatency": 71.5
}