{
  "averagePlayerLatency": 113.17966121359787,
  "averageWinnerLatency": 94.01781914893617,
  "medianPlayerLatency": 91.5,
  "medianWinnerLatency": 75.25
}