{
  "averagePlayerLatency": 119.54120552455868,
  "averageWinnerLatency": 94.92057117358323,
  "medianPlayerLatency": 99.5,
  "medianWinnerLatency": 71.5
}