{
  "averagePlayerLatency": 113.4695554504611,
  "averageWinnerLatency": 94.25304136253041,
  "medianPlayerLatency": 92,
  "medianWinnerLatency": 78
}