{
  "averagePlayerLatency": 119.1766548624353,
  "averageWinnerLatency": 94.68479467258602,
  "medianPlayerLatency": 99,
  "medianWinnerLatency": 71.5
}