{
  "averagePlayerLatency": 113.99020103679352,
  "averageWinnerLatency": 94.14583333333333,
  "medianPlayerLatency": 93,
  "medianWinnerLatency": 80
}