{
  "averagePlayerLatency": 113.41173218673218,
  "averageWinnerLatency": 94.26484728506787,
  "medianPlayerLatency": 92,
  "medianWinnerLatency": 79
}