{
  "averagePlayerLatency": 123.10168594233589,
  "averageWinnerLatency": 95.07144353655981,
  "medianPlayerLatency": 101.5,
  "medianWinnerLatency": 71
}