{
  "averagePlayerLatency": 119.6364209199748,
  "averageWinnerLatency": 94.87788778877888,
  "medianPlayerLatency": 99.5,
  "medianWinnerLatency": 71.5
}