{
  "averagePlayerLatency": 113.58156114064765,
  "averageWinnerLatency": 94.46645587022272,
  "medianPlayerLatency": 92.25,
  "medianWinnerLatency": 79.5
}