{
  "averagePlayerLatency": 113.31902253797158,
  "averageWinnerLatency": 94.32915845764143,
  "medianPlayerLatency": 92,
  "medianWinnerLatency": 79
}