{
  "averagePlayerLatency": 120.72011855259666,
  "averageWinnerLatency": 95.68158066623123,
  "medianPlayerLatency": 100.5,
  "medianWinnerLatency": 72
}