{
  "averagePlayerLatency": 122.30351624488432,
  "averageWinnerLatency": 94.98720389170897,
  "medianPlayerLatency": 101,
  "medianWinnerLatency": 71
}