{
  "averagePlayerLatency": 120.7997617787189,
  "averageWinnerLatency": 95.61711613745106,
  "medianPlayerLatency": 100.5,
  "medianWinnerLatency": 71.75
}