{
  "averagePlayerLatency": 113.15723968680612,
  "averageWinnerLatency": 93.77765871952853,
  "medianPlayerLatency": 91.5,
  "medianWinnerLatency": 72
}