{
  "averagePlayerLatency": 119.48489550059323,
  "averageWinnerLatency": 94.86054800623747,
  "medianPlayerLatency": 99.5,
  "medianWinnerLatency": 71.5
}