{
  "averagePlayerLatency": 113.22077464788732,
  "averageWinnerLatency": 93.92195056421279,
  "medianPlayerLatency": 92,
  "medianWinnerLatency": 72.75
}