{
  "averagePlayerLatency": 113.20273243024198,
  "averageWinnerLatency": 94.12861693655428,
  "medianPlayerLatency": 92,
  "medianWinnerLatency": 76.5
}