{
  "averagePlayerLatency": 113.50475963826749,
  "averageWinnerLatency": 94.38650556611458,
  "medianPlayerLatency": 92,
  "medianWinnerLatency": 79
}