{
  "averagePlayerLatency": 119.19650317892825,
  "averageWinnerLatency": 94.70242060848324,
  "medianPlayerLatency": 99,
  "medianWinnerLatency": 71.5
}