{
  "averagePlayerLatency": 122.1326274378505,
  "averageWinnerLatency": 94.90442421676545,
  "medianPlayerLatency": 101,
  "medianWinnerLatency": 71
}