{
  "averagePlayerLatency": 113.13693525850023,
  "averageWinnerLatency": 93.79174458990114,
  "medianPlayerLatency": 91.5,
  "medianWinnerLatency": 72
}