{
  "averagePlayerLatency": 123.48503599449971,
  "averageWinnerLatency": 95.02675026123302,
  "medianPlayerLatency": 102,
  "medianWinnerLatency": 71
}