{
  "averagePlayerLatency": 121.40711009174312,
  "averageWinnerLatency": 94.88815368196371,
  "medianPlayerLatency": 100.5,
  "medianWinnerLatency": 71
}