{
  "averagePlayerLatency": 113.16401070140746,
  "averageWinnerLatency": 93.83173205230851,
  "medianPlayerLatency": 91.5,
  "medianWinnerLatency": 72.5
}