{
  "averagePlayerLatency": 113.85866042491898,
  "averageWinnerLatency": 94.63166529942576,
  "medianPlayerLatency": 92.5,
  "medianWinnerLatency": 79.5
}