{
  "averagePlayerLatency": 113.31799240102954,
  "averageWinnerLatency": 94.3072696534235,
  "medianPlayerLatency": 92,
  "medianWinnerLatency": 79
}