{
  "averagePlayerLatency": 123.18851526965562,
  "averageWinnerLatency": 95.01517371285057,
  "medianPlayerLatency": 101.5,
  "medianWinnerLatency": 71
}