{
  "averagePlayerLatency": 113.60425223483934,
  "averageWinnerLatency": 94.45711929631666,
  "medianPlayerLatency": 92.5,
  "medianWinnerLatency": 79.25
}