{
  "averagePlayerLatency": 121.44743109901327,
  "averageWinnerLatency": 94.95288461538462,
  "medianPlayerLatency": 100.5,
  "medianWinnerLatency": 71
}