{
  "averagePlayerLatency": 120.80162515456634,
  "averageWinnerLatency": 95.63892515230636,
  "medianPlayerLatency": 100.5,
  "medianWinnerLatency": 72
}