{
  "averagePlayerLatency": 113.86326173826174,
  "averageWinnerLatency": 93.81341568514794,
  "medianPlayerLatency": 93,
  "medianWinnerLatency": 78
}