{
  "averagePlayerLatency": 119.81161307706125,
  "averageWinnerLatency": 95.04468599033817,
  "medianPlayerLatency": 99.5,
  "medianWinnerLatency": 71.5
}