{
  "averagePlayerLatency": 123.04116532058679,
  "averageWinnerLatency": 95.12839116719243,
  "medianPlayerLatency": 101.5,
  "medianWinnerLatency": 71
}