{
  "averagePlayerLatency": 121.27657531855472,
  "averageWinnerLatency": 95.45629597576807,
  "medianPlayerLatency": 100.5,
  "medianWinnerLatency": 71.5
}