{
  "averagePlayerLatency": 113.7795265676152,
  "averageWinnerLatency": 93.96144927536231,
  "medianPlayerLatency": 93,
  "medianWinnerLatency": 79
}