{
  "averagePlayerLatency": 121.47434042553192,
  "averageWinnerLatency": 94.97627191107311,
  "medianPlayerLatency": 100.5,
  "medianWinnerLatency": 71.25
}