{
  "averagePlayerLatency": 113.58115626511852,
  "averageWinnerLatency": 94.41272026431719,
  "medianPlayerLatency": 92.5,
  "medianWinnerLatency": 79
}