{
  "averagePlayerLatency": 121.79210459934416,
  "averageWinnerLatency": 94.84942699490662,
  "medianPlayerLatency": 101,
  "medianWinnerLatency": 71
}