{
  "averagePlayerLatency": 122.36536536536536,
  "averageWinnerLatency": 94.99873203719358,
  "medianPlayerLatency": 101,
  "medianWinnerLatency": 71
}