{
  "averagePlayerLatency": 121.41061262639137,
  "averageWinnerLatency": 94.90200683176772,
  "medianPlayerLatency": 100.5,
  "medianWinnerLatency": 71
}