{
  "averagePlayerLatency": 112.91339812565082,
  "averageWinnerLatency": 93.00240805604203,
  "medianPlayerLatency": 96.5,
  "medianWinnerLatency": 81
}