{
  "averagePlayerLatency": 120.09891829072055,
  "averageWinnerLatency": 95.35598599255854,
  "medianPlayerLatency": 100,
  "medianWinnerLatency": 71.5
}