{
  "averagePlayerLatency": 121.10650783918717,
  "averageWinnerLatency": 95.47659297789336,
  "medianPlayerLatency": 100.5,
  "medianWinnerLatency": 71.5
}