{
  "averagePlayerLatency": 121.40310669722435,
  "averageWinnerLatency": 94.87166631107318,
  "medianPlayerLatency": 100.5,
  "medianWinnerLatency": 71
}