{
  "averagePlayerLatency": 113.79594272076372,
  "averageWinnerLatency": 93.98409485251591,
  "medianPlayerLatency": 93,
  "medianWinnerLatency": 79
}