{
  "averagePlayerLatency": 113.38977165725048,
  "averageWinnerLatency": 94.03863758750673,
  "medianPlayerLatency": 92,
  "medianWinnerLatency": 76
}