{
  "averagePlayerLatency": 113.37489262486194,
  "averageWinnerLatency": 94.19409937888199,
  "medianPlayerLatency": 92,
  "medianWinnerLatency": 79
}