{
  "averagePlayerLatency": 121.41407043684389,
  "averageWinnerLatency": 94.90123588323034,
  "medianPlayerLatency": 100.5,
  "medianWinnerLatency": 71
}