{
  "averagePlayerLatency": 119.43515610567154,
  "averageWinnerLatency": 95.00471592185043,
  "medianPlayerLatency": 99,
  "medianWinnerLatency": 71.5
}