{
  "averagePlayerLatency": 113.76441710166543,
  "averageWinnerLatency": 93.89814285714286,
  "medianPlayerLatency": 92.5,
  "medianWinnerLatency": 79
}