{
  "averagePlayerLatency": 121.4198526224534,
  "averageWinnerLatency": 95.39503775620281,
  "medianPlayerLatency": 100.5,
  "medianWinnerLatency": 71.5
}