{
  "averagePlayerLatency": 113.78296802012217,
  "averageWinnerLatency": 94.57043407043408,
  "medianPlayerLatency": 92.5,
  "medianWinnerLatency": 79.5
}