{
  "averagePlayerLatency": 113.67387532531912,
  "averageWinnerLatency": 93.9605188141391,
  "medianPlayerLatency": 92.5,
  "medianWinnerLatency": 79
}