{
  "averagePlayerLatency": 112.84596662030599,
  "averageWinnerLatency": 92.89688459850812,
  "medianPlayerLatency": 96.5,
  "medianWinnerLatency": 81
}