{
  "averagePlayerLatency": 120.50955300808673,
  "averageWinnerLatency": 95.58793366790312,
  "medianPlayerLatency": 100,
  "medianWinnerLatency": 72
}