{
  "averagePlayerLatency": 119.2797073261091,
  "averageWinnerLatency": 95.02699055330635,
  "medianPlayerLatency": 99,
  "medianWinnerLatency": 71.5
}