{
  "averagePlayerLatency": 113.460209856166,
  "averageWinnerLatency": 94.14742379282438,
  "medianPlayerLatency": 92,
  "medianWinnerLatency": 77
}