{
  "averagePlayerLatency": 113.47823413674372,
  "averageWinnerLatency": 94.32922684791843,
  "medianPlayerLatency": 92.25,
  "medianWinnerLatency": 79.5
}