{
  "averagePlayerLatency": 114.02669534412955,
  "averageWinnerLatency": 94.2147024504084,
  "medianPlayerLatency": 93,
  "medianWinnerLatency": 80
}