{
  "averagePlayerLatency": 119.36794500723589,
  "averageWinnerLatency": 94.60335689045937,
  "medianPlayerLatency": 99,
  "medianWinnerLatency": 71.5
}