{
  "averagePlayerLatency": 121.55938353825137,
  "averageWinnerLatency": 95.09447300771208,
  "medianPlayerLatency": 100.5,
  "medianWinnerLatency": 71.5
}