{
  "averagePlayerLatency": 113.757708412638,
  "averageWinnerLatency": 94.40689149560117,
  "medianPlayerLatency": 93.5,
  "medianWinnerLatency": 72.75
}