{
  "averagePlayerLatency": 119.16418520199727,
  "averageWinnerLatency": 94.67276964047936,
  "medianPlayerLatency": 98.5,
  "medianWinnerLatency": 71.5
}