{
  "averagePlayerLatency": 113.80892599711677,
  "averageWinnerLatency": 94.51670317634174,
  "medianPlayerLatency": 92.5,
  "medianWinnerLatency": 79.25
}