{
  "averagePlayerLatency": 119.99404228632862,
  "averageWinnerLatency": 95.18906181499342,
  "medianPlayerLatency": 100,
  "medianWinnerLatency": 71.5
}