{
  "averagePlayerLatency": 113.24268095896727,
  "averageWinnerLatency": 94.01477572559367,
  "medianPlayerLatency": 92,
  "medianWinnerLatency": 72.75
}