{
  "averagePlayerLatency": 113.64184185379838,
  "averageWinnerLatency": 94.51484204793029,
  "medianPlayerLatency": 92,
  "medianWinnerLatency": 79
}