{
  "averagePlayerLatency": 113.76621825496605,
  "averageWinnerLatency": 93.94444444444444,
  "medianPlayerLatency": 93,
  "medianWinnerLatency": 79
}