{
  "averagePlayerLatency": 113.21180880974696,
  "averageWinnerLatency": 93.85896403650027,
  "medianPlayerLatency": 91.5,
  "medianWinnerLatency": 72.5
}