{
  "averagePlayerLatency": 113.58717605548121,
  "averageWinnerLatency": 94.4427025527192,
  "medianPlayerLatency": 92.5,
  "medianWinnerLatency": 79
}