{
  "averagePlayerLatency": 113.273320018797,
  "averageWinnerLatency": 93.95604838709677,
  "medianPlayerLatency": 92,
  "medianWinnerLatency": 74
}