{
  "averagePlayerLatency": 113.90819941794255,
  "averageWinnerLatency": 94.55722627737227,
  "medianPlayerLatency": 94,
  "medianWinnerLatency": 73
}