{
  "averagePlayerLatency": 113.14996508379889,
  "averageWinnerLatency": 93.77751068376068,
  "medianPlayerLatency": 91.5,
  "medianWinnerLatency": 72
}