{
  "averagePlayerLatency": 122.99467382328655,
  "averageWinnerLatency": 95.16919191919192,
  "medianPlayerLatency": 101.5,
  "medianWinnerLatency": 71
}