{
  "averagePlayerLatency": 122.76203696030497,
  "averageWinnerLatency": 95.20779768177029,
  "medianPlayerLatency": 101.5,
  "medianWinnerLatency": 71
}