{
  "averagePlayerLatency": 121.58910256410256,
  "averageWinnerLatency": 95.12122186495176,
  "medianPlayerLatency": 100.5,
  "medianWinnerLatency": 71.5
}