{
  "averagePlayerLatency": 113.18217683917382,
  "averageWinnerLatency": 94.01569566374036,
  "medianPlayerLatency": 91.5,
  "medianWinnerLatency": 75
}