{
  "averagePlayerLatency": 116.72399297276948,
  "averageWinnerLatency": 90.63628649015614,
  "medianPlayerLatency": 98,
  "medianWinnerLatency": 80.75
}