{
  "averagePlayerLatency": 113.7937004087521,
  "averageWinnerLatency": 94.47424657534246,
  "medianPlayerLatency": 92.5,
  "medianWinnerLatency": 79
}