{
  "averagePlayerLatency": 113.52410851794811,
  "averageWinnerLatency": 94.27944760357433,
  "medianPlayerLatency": 92,
  "medianWinnerLatency": 78
}