{
  "averagePlayerLatency": 113.83913262733232,
  "averageWinnerLatency": 94.05255516840883,
  "medianPlayerLatency": 93,
  "medianWinnerLatency": 79.25
}