{
  "averagePlayerLatency": 113.91159346918111,
  "averageWinnerLatency": 94.57950891552177,
  "medianPlayerLatency": 94,
  "medianWinnerLatency": 73.5
}