{
  "averagePlayerLatency": 112.88929440389295,
  "averageWinnerLatency": 92.87390350877193,
  "medianPlayerLatency": 96.5,
  "medianWinnerLatency": 81
}