{
  "averagePlayerLatency": 113.52288397527342,
  "averageWinnerLatency": 94.35983717774762,
  "medianPlayerLatency": 92,
  "medianWinnerLatency": 79
}