{
  "averagePlayerLatency": 119.54686641011544,
  "averageWinnerLatency": 94.96213136729223,
  "medianPlayerLatency": 99.5,
  "medianWinnerLatency": 71.5
}