{
  "averagePlayerLatency": 114.94532987398073,
  "averageWinnerLatency": 92.21637564889099,
  "medianPlayerLatency": 98,
  "medianWinnerLatency": 82.5
}