{
  "averagePlayerLatency": 113.22700399930447,
  "averageWinnerLatency": 91.928007023705,
  "medianPlayerLatency": 96,
  "medianWinnerLatency": 81.25
}