{
  "averagePlayerLatency": 114.94532987398073,
  "averageWinnerLatency": 92.20603488920321,
  "medianPlayerLatency": 98,
  "medianWinnerLatency": 82.5
}