{
  "averagePlayerLatency": 113.20464767616193,
  "averageWinnerLatency": 94.0137493389741,
  "medianPlayerLatency": 92,
  "medianWinnerLatency": 74
}