{
  "averagePlayerLatency": 120.14045746962115,
  "averageWinnerLatency": 95.38733318748633,
  "medianPlayerLatency": 100,
  "medianWinnerLatency": 71.5
}