{
  "averagePlayerLatency": 120.74646330680814,
  "averageWinnerLatency": 95.66739225076186,
  "medianPlayerLatency": 100.5,
  "medianWinnerLatency": 72
}