{
  "averagePlayerLatency": 113.80976896032145,
  "averageWinnerLatency": 93.9829479768786,
  "medianPlayerLatency": 93,
  "medianWinnerLatency": 79
}