{
  "averagePlayerLatency": 113.32498775710089,
  "averageWinnerLatency": 94.36385372714487,
  "medianPlayerLatency": 92,
  "medianWinnerLatency": 79
}