{
  "averagePlayerLatency": 119.41251025804686,
  "averageWinnerLatency": 94.83069902048085,
  "medianPlayerLatency": 99,
  "medianWinnerLatency": 71.5
}