{
  "averagePlayerLatency": 113.36099865047234,
  "averageWinnerLatency": 94.18204911092295,
  "medianPlayerLatency": 92,
  "medianWinnerLatency": 79
}