{
  "averagePlayerLatency": 123.05450061652282,
  "averageWinnerLatency": 95.15325630252102,
  "medianPlayerLatency": 101.5,
  "medianWinnerLatency": 71
}