{
  "averagePlayerLatency": 113.10872099801796,
  "averageWinnerLatency": 93.71650173843274,
  "medianPlayerLatency": 91.5,
  "medianWinnerLatency": 72
}