{
  "averagePlayerLatency": 113.73388748343574,
  "averageWinnerLatency": 94.51454046639232,
  "medianPlayerLatency": 92.5,
  "medianWinnerLatency": 79.5
}