{
  "averagePlayerLatency": 113.77313698108416,
  "averageWinnerLatency": 94.47075249853027,
  "medianPlayerLatency": 93.5,
  "medianWinnerLatency": 73.25
}