{
  "averagePlayerLatency": 123.08499796167958,
  "averageWinnerLatency": 95.09442464892057,
  "medianPlayerLatency": 101.5,
  "medianWinnerLatency": 71
}