{
  "averagePlayerLatency": 119.3400092506938,
  "averageWinnerLatency": 95.02629804450439,
  "medianPlayerLatency": 99,
  "medianWinnerLatency": 71.5
}