{
  "averagePlayerLatency": 120.65214887018166,
  "averageWinnerLatency": 95.68583877995643,
  "medianPlayerLatency": 100.5,
  "medianWinnerLatency": 72
}