{
  "averagePlayerLatency": 123.04448734801183,
  "averageWinnerLatency": 95.17800882167612,
  "medianPlayerLatency": 101.5,
  "medianWinnerLatency": 71
}