{
  "averagePlayerLatency": 119.54494072236008,
  "averageWinnerLatency": 95.00324529991047,
  "medianPlayerLatency": 99.5,
  "medianWinnerLatency": 71.5
}