{
  "averagePlayerLatency": 113.641689373297,
  "averageWinnerLatency": 93.97878097408146,
  "medianPlayerLatency": 92.5,
  "medianWinnerLatency": 79
}