{
  "averagePlayerLatency": 122.83318151705863,
  "averageWinnerLatency": 95.22614282704866,
  "medianPlayerLatency": 101.5,
  "medianWinnerLatency": 71
}