{
  "averagePlayerLatency": 113.77532368621478,
  "averageWinnerLatency": 94.41603053435115,
  "medianPlayerLatency": 93.5,
  "medianWinnerLatency": 72.75
}