{
  "averagePlayerLatency": 114.89564814814815,
  "averageWinnerLatency": 92.14581373471307,
  "medianPlayerLatency": 98,
  "medianWinnerLatency": 82.5
}