{
  "averagePlayerLatency": 120.33146417445482,
  "averageWinnerLatency": 95.5339519650655,
  "medianPlayerLatency": 100,
  "medianWinnerLatency": 71.5
}