{
  "averagePlayerLatency": 120.11824112968094,
  "averageWinnerLatency": 95.3793216630197,
  "medianPlayerLatency": 100,
  "medianWinnerLatency": 71.5
}