{
  "averagePlayerLatency": 113.62384015835704,
  "averageWinnerLatency": 94.17500710833096,
  "medianPlayerLatency": 92.5,
  "medianWinnerLatency": 79
}