{
  "averagePlayerLatency": 114.93156528189911,
  "averageWinnerLatency": 92.27103024574669,
  "medianPlayerLatency": 98,
  "medianWinnerLatency": 82.5
}