{
  "averagePlayerLatency": 123.14781972014318,
  "averageWinnerLatency": 95.04879581151832,
  "medianPlayerLatency": 101.5,
  "medianWinnerLatency": 71
}