{
  "averagePlayerLatency": 119.94342329418093,
  "averageWinnerLatency": 95.1529605263158,
  "medianPlayerLatency": 100,
  "medianWinnerLatency": 71.5
}