{
  "averagePlayerLatency": 121.65565759541663,
  "averageWinnerLatency": 94.86180157212662,
  "medianPlayerLatency": 101,
  "medianWinnerLatency": 71
}