{
  "averagePlayerLatency": 113.73677280344745,
  "averageWinnerLatency": 94.53547066848567,
  "medianPlayerLatency": 92.5,
  "medianWinnerLatency": 79
}