{
  "averagePlayerLatency": 121.42104368519463,
  "averageWinnerLatency": 94.91383728379245,
  "medianPlayerLatency": 100.5,
  "medianWinnerLatency": 71
}