{
  "averagePlayerLatency": 113.76833756345178,
  "averageWinnerLatency": 94.41417253521126,
  "medianPlayerLatency": 93.5,
  "medianWinnerLatency": 72.75
}