{
  "averagePlayerLatency": 113.78784797254353,
  "averageWinnerLatency": 94.20486725663717,
  "medianPlayerLatency": 93.5,
  "medianWinnerLatency": 72.25
}