{
  "averagePlayerLatency": 121.57487364002398,
  "averageWinnerLatency": 95.18265722257995,
  "medianPlayerLatency": 100.5,
  "medianWinnerLatency": 71.5
}