{
  "averagePlayerLatency": 119.33853601158161,
  "averageWinnerLatency": 94.6246133451171,
  "medianPlayerLatency": 99,
  "medianWinnerLatency": 71.5
}