{
  "averagePlayerLatency": 113.93306199123356,
  "averageWinnerLatency": 93.96932603686636,
  "medianPlayerLatency": 93,
  "medianWinnerLatency": 79
}