{
  "averagePlayerLatency": 114.85381630012937,
  "averageWinnerLatency": 92.08615023474178,
  "medianPlayerLatency": 98,
  "medianWinnerLatency": 82.5
}