{
  "averagePlayerLatency": 113.58673894912427,
  "averageWinnerLatency": 94.46778140293638,
  "medianPlayerLatency": 92,
  "medianWinnerLatency": 79
}