{
  "averagePlayerLatency": 113.59622367465505,
  "averageWinnerLatency": 94.46457127102289,
  "medianPlayerLatency": 92.5,
  "medianWinnerLatency": 79
}