{
  "averagePlayerLatency": 113.15289737025832,
  "averageWinnerLatency": 93.80614152202938,
  "medianPlayerLatency": 91.5,
  "medianWinnerLatency": 72
}