{
  "averagePlayerLatency": 119.50671232876712,
  "averageWinnerLatency": 94.8800980610653,
  "medianPlayerLatency": 99.5,
  "medianWinnerLatency": 71.5
}