{
  "averagePlayerLatency": 113.77313698108416,
  "averageWinnerLatency": 94.44462397179788,
  "medianPlayerLatency": 93.5,
  "medianWinnerLatency": 73
}