{
  "averagePlayerLatency": 113.30834252113193,
  "averageWinnerLatency": 94.30771396396396,
  "medianPlayerLatency": 92,
  "medianWinnerLatency": 79
}