{
  "averagePlayerLatency": 113.678611283323,
  "averageWinnerLatency": 93.94766115231033,
  "medianPlayerLatency": 92.5,
  "medianWinnerLatency": 79
}