{
  "averagePlayerLatency": 113.7794701986755,
  "averageWinnerLatency": 94.50246845858474,
  "medianPlayerLatency": 92.5,
  "medianWinnerLatency": 79.25
}