{
  "averagePlayerLatency": 113.12514585764293,
  "averageWinnerLatency": 93.73474304068523,
  "medianPlayerLatency": 91.5,
  "medianWinnerLatency": 72
}