{
  "averagePlayerLatency": 113.02266174605005,
  "averageWinnerLatency": 94.39751388521555,
  "medianPlayerLatency": 91.5,
  "medianWinnerLatency": 76
}