{
  "averagePlayerLatency": 119.60460194524495,
  "averageWinnerLatency": 94.82962799911952,
  "medianPlayerLatency": 99.5,
  "medianWinnerLatency": 71.5
}