{
  "averagePlayerLatency": 113.77919971160779,
  "averageWinnerLatency": 94.48986579019447,
  "medianPlayerLatency": 92.5,
  "medianWinnerLatency": 79
}