{
  "averagePlayerLatency": 121.39920345733412,
  "averageWinnerLatency": 94.8455223880597,
  "medianPlayerLatency": 100.5,
  "medianWinnerLatency": 71
}