{
  "averagePlayerLatency": 113.95311512700619,
  "averageWinnerLatency": 94.13969732246798,
  "medianPlayerLatency": 93,
  "medianWinnerLatency": 79.75
}