{
  "averagePlayerLatency": 119.28669745540161,
  "averageWinnerLatency": 94.63105507631055,
  "medianPlayerLatency": 99,
  "medianWinnerLatency": 71.5
}