{
  "averagePlayerLatency": 113.29831110023252,
  "averageWinnerLatency": 94.40961484396963,
  "medianPlayerLatency": 92,
  "medianWinnerLatency": 79
}