{
  "averagePlayerLatency": 113.85991002249438,
  "averageWinnerLatency": 93.8498131647025,
  "medianPlayerLatency": 92.75,
  "medianWinnerLatency": 78
}