{
  "averagePlayerLatency": 120.12983474765521,
  "averageWinnerLatency": 95.43811502296086,
  "medianPlayerLatency": 100,
  "medianWinnerLatency": 71.5
}