{
  "averagePlayerLatency": 113.70519010259505,
  "averageWinnerLatency": 94.47088711892337,
  "medianPlayerLatency": 92.5,
  "medianWinnerLatency": 79
}