{
  "averagePlayerLatency": 122.0771904841682,
  "averageWinnerLatency": 94.86933502753071,
  "medianPlayerLatency": 101,
  "medianWinnerLatency": 71
}