{
  "averagePlayerLatency": 113.80601058467742,
  "averageWinnerLatency": 94.01842716192687,
  "medianPlayerLatency": 93,
  "medianWinnerLatency": 79
}