{
  "averagePlayerLatency": 120.62125509661408,
  "averageWinnerLatency": 95.69546742209631,
  "medianPlayerLatency": 100.5,
  "medianWinnerLatency": 72
}