{
  "averagePlayerLatency": 112.87827975673328,
  "averageWinnerLatency": 93.00065760631303,
  "medianPlayerLatency": 96.5,
  "medianWinnerLatency": 81
}