{
  "averagePlayerLatency": 119.54627793799567,
  "averageWinnerLatency": 94.7866108786611,
  "medianPlayerLatency": 99.5,
  "medianWinnerLatency": 71.5
}