{
  "averagePlayerLatency": 121.56804176651832,
  "averageWinnerLatency": 95.16380605020382,
  "medianPlayerLatency": 100.5,
  "medianWinnerLatency": 71.5
}