{
  "averagePlayerLatency": 121.14370733415018,
  "averageWinnerLatency": 95.45569757365685,
  "medianPlayerLatency": 100.5,
  "medianWinnerLatency": 71.5
}