{
  "averagePlayerLatency": 113.87645877776383,
  "averageWinnerLatency": 94.01083188908146,
  "medianPlayerLatency": 93,
  "medianWinnerLatency": 79
}