{
  "averagePlayerLatency": 121.56498844079117,
  "averageWinnerLatency": 95.17317596566524,
  "medianPlayerLatency": 100.5,
  "medianWinnerLatency": 71.5
}