{
  "averagePlayerLatency": 123.53212900096993,
  "averageWinnerLatency": 95.01535729210197,
  "medianPlayerLatency": 102,
  "medianWinnerLatency": 71
}