{
  "averagePlayerLatency": 113.77313698108416,
  "averageWinnerLatency": 94.45768439612107,
  "medianPlayerLatency": 93.5,
  "medianWinnerLatency": 73
}