{
  "averagePlayerLatency": 113.10197061567165,
  "averageWinnerLatency": 93.71187800963082,
  "medianPlayerLatency": 91.5,
  "medianWinnerLatency": 72
}