{
  "averagePlayerLatency": 113.81407222914072,
  "averageWinnerLatency": 93.95557466322728,
  "medianPlayerLatency": 92.75,
  "medianWinnerLatency": 79
}