{
  "averagePlayerLatency": 121.51896037494674,
  "averageWinnerLatency": 95.0131550802139,
  "medianPlayerLatency": 100.5,
  "medianWinnerLatency": 71.5
}