{
  "averagePlayerLatency": 113.7454705586311,
  "averageWinnerLatency": 93.9255935147655,
  "medianPlayerLatency": 92.75,
  "medianWinnerLatency": 79
}