{
  "averagePlayerLatency": 119.46178832446088,
  "averageWinnerLatency": 94.73512560599383,
  "medianPlayerLatency": 99,
  "medianWinnerLatency": 71.5
}