{
  "averagePlayerLatency": 113.70977546210148,
  "averageWinnerLatency": 93.92781740370899,
  "medianPlayerLatency": 92.5,
  "medianWinnerLatency": 79
}