{
  "averagePlayerLatency": 113.22418776737194,
  "averageWinnerLatency": 94.09225874867444,
  "medianPlayerLatency": 92,
  "medianWinnerLatency": 76
}