{
  "averagePlayerLatency": 119.52547360676844,
  "averageWinnerLatency": 94.99865651589789,
  "medianPlayerLatency": 99.5,
  "medianWinnerLatency": 71.5
}