{
  "averagePlayerLatency": 113.78237684103605,
  "averageWinnerLatency": 94.4453102028815,
  "medianPlayerLatency": 93.5,
  "medianWinnerLatency": 73
}