{
  "averagePlayerLatency": 113.62696448459349,
  "averageWinnerLatency": 94.18757110352674,
  "medianPlayerLatency": 92.5,
  "medianWinnerLatency": 79
}