{
  "averagePlayerLatency": 113.32005590496156,
  "averageWinnerLatency": 92.06567890314021,
  "medianPlayerLatency": 96,
  "medianWinnerLatency": 81.5
}