{
  "averagePlayerLatency": 113.57678103407196,
  "averageWinnerLatency": 94.45311225876597,
  "medianPlayerLatency": 92,
  "medianWinnerLatency": 79
}