{
  "averagePlayerLatency": 119.51457968072344,
  "averageWinnerLatency": 94.96543985637344,
  "medianPlayerLatency": 99.5,
  "medianWinnerLatency": 71.5
}