{
  "averagePlayerLatency": 123.07129448253346,
  "averageWinnerLatency": 95.11931222478508,
  "medianPlayerLatency": 101.5,
  "medianWinnerLatency": 71
}