{
  "averagePlayerLatency": 119.15656198947177,
  "averageWinnerLatency": 94.64418811002662,
  "medianPlayerLatency": 98.5,
  "medianWinnerLatency": 71.5
}