{
  "averagePlayerLatency": 113.58281659909373,
  "averageWinnerLatency": 94.4885745375408,
  "medianPlayerLatency": 92,
  "medianWinnerLatency": 79
}