{
  "averagePlayerLatency": 113.37182352941177,
  "averageWinnerLatency": 94.01762648008611,
  "medianPlayerLatency": 92,
  "medianWinnerLatency": 75.75
}