{
  "averagePlayerLatency": 112.91300573016149,
  "averageWinnerLatency": 92.96868155935174,
  "medianPlayerLatency": 96.5,
  "medianWinnerLatency": 81
}