{
  "averagePlayerLatency": 113.757708412638,
  "averageWinnerLatency": 94.42656112576957,
  "medianPlayerLatency": 93.5,
  "medianWinnerLatency": 73
}