{
  "averagePlayerLatency": 119.26327514093471,
  "averageWinnerLatency": 94.74172038230718,
  "medianPlayerLatency": 99,
  "medianWinnerLatency": 71.5
}