{
  "averagePlayerLatency": 113.22500578569776,
  "averageWinnerLatency": 94.13239586097107,
  "medianPlayerLatency": 92,
  "medianWinnerLatency": 76.5
}