{
  "averagePlayerLatency": 114.88899167437557,
  "averageWinnerLatency": 92.12593984962406,
  "medianPlayerLatency": 98,
  "medianWinnerLatency": 82.5
}