{
  "averagePlayerLatency": 121.2862808332607,
  "averageWinnerLatency": 95.43274221453287,
  "medianPlayerLatency": 100.5,
  "medianWinnerLatency": 71.5
}