{
  "averagePlayerLatency": 113.51326071513142,
  "averageWinnerLatency": 94.24506089309878,
  "medianPlayerLatency": 92,
  "medianWinnerLatency": 78
}