{
  "averagePlayerLatency": 113.50679187337586,
  "averageWinnerLatency": 94.22399351526614,
  "medianPlayerLatency": 92,
  "medianWinnerLatency": 77
}