{
  "averagePlayerLatency": 113.35399803777287,
  "averageWinnerLatency": 94.21037789058093,
  "medianPlayerLatency": 92,
  "medianWinnerLatency": 79
}