{
  "averagePlayerLatency": 121.5760096030181,
  "averageWinnerLatency": 95.20828859780976,
  "medianPlayerLatency": 100.5,
  "medianWinnerLatency": 71.5
}