{
  "averagePlayerLatency": 113.85379084142804,
  "averageWinnerLatency": 94.07510168506683,
  "medianPlayerLatency": 93,
  "medianWinnerLatency": 79.5
}