{
  "averagePlayerLatency": 119.28538293614699,
  "averageWinnerLatency": 94.7536682970209,
  "medianPlayerLatency": 99,
  "medianWinnerLatency": 71.5
}