{
  "averagePlayerLatency": 119.39615906009941,
  "averageWinnerLatency": 94.58285525154457,
  "medianPlayerLatency": 99,
  "medianWinnerLatency": 71.5
}