{
  "averagePlayerLatency": 113.8423104606526,
  "averageWinnerLatency": 94.63815250068325,
  "medianPlayerLatency": 92.5,
  "medianWinnerLatency": 79.5
}