{
  "averagePlayerLatency": 113.78392834929717,
  "averageWinnerLatency": 93.89588100686498,
  "medianPlayerLatency": 92.5,
  "medianWinnerLatency": 78.75
}