{
  "averagePlayerLatency": 113.24052503477051,
  "averageWinnerLatency": 91.90105309346204,
  "medianPlayerLatency": 96,
  "medianWinnerLatency": 81
}