{
  "averagePlayerLatency": 121.53107320780208,
  "averageWinnerLatency": 94.8586170212766,
  "medianPlayerLatency": 100.5,
  "medianWinnerLatency": 71
}