{
  "averagePlayerLatency": 113.57063309526691,
  "averageWinnerLatency": 94.48221180364037,
  "medianPlayerLatency": 92.5,
  "medianWinnerLatency": 79.25
}