{
  "averagePlayerLatency": 122.36980644084765,
  "averageWinnerLatency": 94.97611498626084,
  "medianPlayerLatency": 101,
  "medianWinnerLatency": 71
}