{
  "averagePlayerLatency": 114.87744735869967,
  "averageWinnerLatency": 92.25257731958763,
  "medianPlayerLatency": 98,
  "medianWinnerLatency": 82.5
}