{
  "averagePlayerLatency": 121.5849631154572,
  "averageWinnerLatency": 95.21799828178695,
  "medianPlayerLatency": 100.5,
  "medianWinnerLatency": 71.5
}