{
  "averagePlayerLatency": 113.65424610051993,
  "averageWinnerLatency": 94.15424018212863,
  "medianPlayerLatency": 92.5,
  "medianWinnerLatency": 79
}