{
  "averagePlayerLatency": 113.5372619047619,
  "averageWinnerLatency": 94.41863624015214,
  "medianPlayerLatency": 92,
  "medianWinnerLatency": 79
}