{
  "averagePlayerLatency": 113.24268095896727,
  "averageWinnerLatency": 94.01293217207707,
  "medianPlayerLatency": 92,
  "medianWinnerLatency": 72.5
}