{
  "averagePlayerLatency": 113.46450471698114,
  "averageWinnerLatency": 94.14314624932541,
  "medianPlayerLatency": 92,
  "medianWinnerLatency": 77
}