{
  "averagePlayerLatency": 113.20181418996995,
  "averageWinnerLatency": 94.05470198675496,
  "medianPlayerLatency": 92,
  "medianWinnerLatency": 75.5
}