{
  "averagePlayerLatency": 113.7777432197064,
  "averageWinnerLatency": 93.88780767029193,
  "medianPlayerLatency": 92.5,
  "medianWinnerLatency": 78.25
}