{
  "averagePlayerLatency": 117.37990970654627,
  "averageWinnerLatency": 98.43922651933701,
  "medianPlayerLatency": 83,
  "medianWinnerLatency": 71
}