{
  "averagePlayerLatency": 113.81005902298129,
  "averageWinnerLatency": 93.97499277247759,
  "medianPlayerLatency": 93,
  "medianWinnerLatency": 79
}