{
  "averagePlayerLatency": 113.62179565058923,
  "averageWinnerLatency": 94.49085619285121,
  "medianPlayerLatency": 92.5,
  "medianWinnerLatency": 79
}