{
  "averagePlayerLatency": 113.76475441045818,
  "averageWinnerLatency": 94.42999706486646,
  "medianPlayerLatency": 93.5,
  "medianWinnerLatency": 73
}