{
  "averagePlayerLatency": 113.54965920155793,
  "averageWinnerLatency": 94.39672404219878,
  "medianPlayerLatency": 92.5,
  "medianWinnerLatency": 79
}