{
  "averagePlayerLatency": 113.32808286344692,
  "averageWinnerLatency": 94.25901916572717,
  "medianPlayerLatency": 92,
  "medianWinnerLatency": 79
}