{
  "averagePlayerLatency": 113.7513843443242,
  "averageWinnerLatency": 93.94220741599074,
  "medianPlayerLatency": 93,
  "medianWinnerLatency": 79
}