{
  "averagePlayerLatency": 113.5994630071599,
  "averageWinnerLatency": 94.52095808383234,
  "medianPlayerLatency": 92,
  "medianWinnerLatency": 79
}