{
  "averagePlayerLatency": 120.53113065103473,
  "averageWinnerLatency": 95.614092495637,
  "medianPlayerLatency": 100.5,
  "medianWinnerLatency": 72
}