{
  "averagePlayerLatency": 119.83295923864249,
  "averageWinnerLatency": 95.0960272168569,
  "medianPlayerLatency": 99.75,
  "medianWinnerLatency": 71.5
}