{
  "averagePlayerLatency": 113.57968296224588,
  "averageWinnerLatency": 94.44323505097823,
  "medianPlayerLatency": 92.5,
  "medianWinnerLatency": 79
}