{
  "averagePlayerLatency": 119.38642785525477,
  "averageWinnerLatency": 94.82083240596484,
  "medianPlayerLatency": 99,
  "medianWinnerLatency": 71.5
}