{
  "averagePlayerLatency": 119.35862193688399,
  "averageWinnerLatency": 94.62530359902848,
  "medianPlayerLatency": 99,
  "medianWinnerLatency": 71.5
}