{
  "averagePlayerLatency": 113.72153941651149,
  "averageWinnerLatency": 93.92377961747074,
  "medianPlayerLatency": 92.5,
  "medianWinnerLatency": 79
}