{
  "averagePlayerLatency": 119.42560975609756,
  "averageWinnerLatency": 94.62626819585356,
  "medianPlayerLatency": 99,
  "medianWinnerLatency": 71.5
}