{
  "averagePlayerLatency": 122.80747245464336,
  "averageWinnerLatency": 95.19848293299621,
  "medianPlayerLatency": 101.5,
  "medianWinnerLatency": 71
}