{
  "averagePlayerLatency": 113.62568372432236,
  "averageWinnerLatency": 94.4848904907125,
  "medianPlayerLatency": 92.5,
  "medianWinnerLatency": 79
}