{
  "averagePlayerLatency": 113.81604311984782,
  "averageWinnerLatency": 94.46645180193379,
  "medianPlayerLatency": 94,
  "medianWinnerLatency": 73
}