{
  "averagePlayerLatency": 119.87179141985281,
  "averageWinnerLatency": 95.11070879964889,
  "medianPlayerLatency": 100,
  "medianWinnerLatency": 71.5
}