{
  "averagePlayerLatency": 122.19499749037979,
  "averageWinnerLatency": 94.92349206349206,
  "medianPlayerLatency": 101,
  "medianWinnerLatency": 71
}