{
  "averagePlayerLatency": 122.91472996443636,
  "averageWinnerLatency": 95.20341124447252,
  "medianPlayerLatency": 101.5,
  "medianWinnerLatency": 71
}