{
  "averagePlayerLatency": 113.17649790989317,
  "averageWinnerLatency": 93.9387483355526,
  "medianPlayerLatency": 91.5,
  "medianWinnerLatency": 72.5
}