{
  "averagePlayerLatency": 113.90819941794255,
  "averageWinnerLatency": 94.5888109845165,
  "medianPlayerLatency": 94,
  "medianWinnerLatency": 73.5
}