{
  "averagePlayerLatency": 123.05129042796472,
  "averageWinnerLatency": 95.13496224832215,
  "medianPlayerLatency": 101.5,
  "medianWinnerLatency": 71
}