{
  "averagePlayerLatency": 113.51207045202611,
  "averageWinnerLatency": 94.36489934788773,
  "medianPlayerLatency": 92.5,
  "medianWinnerLatency": 79.5
}