{
  "averagePlayerLatency": 113.97964601769911,
  "averageWinnerLatency": 94.15899825276645,
  "medianPlayerLatency": 93,
  "medianWinnerLatency": 80
}