{
  "averagePlayerLatency": 113.43591617933723,
  "averageWinnerLatency": 94.32115063924402,
  "medianPlayerLatency": 92,
  "medianWinnerLatency": 78.75
}