{
  "averagePlayerLatency": 120.89618737342609,
  "averageWinnerLatency": 95.56953498478923,
  "medianPlayerLatency": 100.5,
  "medianWinnerLatency": 71.5
}