{
  "averagePlayerLatency": 123.38567147254172,
  "averageWinnerLatency": 95.04756429019444,
  "medianPlayerLatency": 102,
  "medianWinnerLatency": 71
}