{
  "averagePlayerLatency": 113.53588800569463,
  "averageWinnerLatency": 94.28482384823849,
  "medianPlayerLatency": 92,
  "medianWinnerLatency": 78
}