{
  "averagePlayerLatency": 121.17927415828596,
  "averageWinnerLatency": 95.47163274144651,
  "medianPlayerLatency": 100.5,
  "medianWinnerLatency": 71.5
}