{
  "averagePlayerLatency": 113.22354298903635,
  "averageWinnerLatency": 93.99259063244244,
  "medianPlayerLatency": 92,
  "medianWinnerLatency": 73
}