{
  "averagePlayerLatency": 113.86643054388281,
  "averageWinnerLatency": 94.61323851203501,
  "medianPlayerLatency": 92.5,
  "medianWinnerLatency": 79.5
}