{
  "averagePlayerLatency": 113.5233317501781,
  "averageWinnerLatency": 94.31670281995662,
  "medianPlayerLatency": 92,
  "medianWinnerLatency": 78.25
}