{
  "averagePlayerLatency": 121.49399744572159,
  "averageWinnerLatency": 94.98781270044901,
  "medianPlayerLatency": 100.5,
  "medianWinnerLatency": 71.5
}