{
  "averagePlayerLatency": 113.45396435156731,
  "averageWinnerLatency": 94.30767053495613,
  "medianPlayerLatency": 92,
  "medianWinnerLatency": 79
}