{
  "averagePlayerLatency": 121.47328114363512,
  "averageWinnerLatency": 94.96665954263732,
  "medianPlayerLatency": 100.5,
  "medianWinnerLatency": 71
}