{
  "averagePlayerLatency": 121.74135610330613,
  "averageWinnerLatency": 94.86298025896838,
  "medianPlayerLatency": 101,
  "medianWinnerLatency": 71
}