{
  "averagePlayerLatency": 423197940.9958355,
  "averageWinnerLatency": 113.01769702689948,
  "medianPlayerLatency": 96,
  "medianWinnerLatency": 84
}