{
  "averagePlayerLatency": 119.2296683325761,
  "averageWinnerLatency": 94.71984003554766,
  "medianPlayerLatency": 99,
  "medianWinnerLatency": 71.5
}