{
  "averagePlayerLatency": 121.41962774957699,
  "averageWinnerLatency": 94.88658146964856,
  "medianPlayerLatency": 100.5,
  "medianWinnerLatency": 71
}