{
  "averagePlayerLatency": 119.2425011327594,
  "averageWinnerLatency": 94.59935755427558,
  "medianPlayerLatency": 99,
  "medianWinnerLatency": 71.5
}