{
  "averagePlayerLatency": 114.94532987398073,
  "averageWinnerLatency": 92.20165094339623,
  "medianPlayerLatency": 98,
  "medianWinnerLatency": 82.5
}