{
  "averagePlayerLatency": 108.5630828670397,
  "averageWinnerLatency": 92.29054373522459,
  "medianPlayerLatency": 94,
  "medianWinnerLatency": 82.5
}