{
  "averagePlayerLatency": 113.18496572557221,
  "averageWinnerLatency": 93.89805437100213,
  "medianPlayerLatency": 91.5,
  "medianWinnerLatency": 72.5
}