{
  "averagePlayerLatency": 113.42646521262337,
  "averageWinnerLatency": 94.27043937708565,
  "medianPlayerLatency": 92,
  "medianWinnerLatency": 78.25
}