{
  "averagePlayerLatency": 119.33365192062625,
  "averageWinnerLatency": 94.7778024911032,
  "medianPlayerLatency": 99,
  "medianWinnerLatency": 71.5
}