{
  "averagePlayerLatency": 113.4369698397738,
  "averageWinnerLatency": 94.11350768401186,
  "medianPlayerLatency": 92,
  "medianWinnerLatency": 77
}