{
  "averagePlayerLatency": 119.70987321284058,
  "averageWinnerLatency": 94.96207957792922,
  "medianPlayerLatency": 99.5,
  "medianWinnerLatency": 71.5
}