{
  "averagePlayerLatency": 120.15357493528519,
  "averageWinnerLatency": 95.4695081967213,
  "medianPlayerLatency": 100,
  "medianWinnerLatency": 71.5
}