{
  "averagePlayerLatency": 119.93399103139014,
  "averageWinnerLatency": 95.1406010089932,
  "medianPlayerLatency": 100,
  "medianWinnerLatency": 71.5
}