{
  "averagePlayerLatency": 119.2425011327594,
  "averageWinnerLatency": 94.57539858281665,
  "medianPlayerLatency": 99,
  "medianWinnerLatency": 71.5
}