{
  "averagePlayerLatency": 113.20893338016626,
  "averageWinnerLatency": 93.82738733905579,
  "medianPlayerLatency": 91.5,
  "medianWinnerLatency": 72.5
}