{
  "averagePlayerLatency": 113.33292181069959,
  "averageWinnerLatency": 93.98359332974718,
  "medianPlayerLatency": 92,
  "medianWinnerLatency": 75.25
}