{
  "averagePlayerLatency": 114.00664052618265,
  "averageWinnerLatency": 94.1801749271137,
  "medianPlayerLatency": 93,
  "medianWinnerLatency": 80
}