{
  "averagePlayerLatency": 120.16538804638715,
  "averageWinnerLatency": 95.49082167832168,
  "medianPlayerLatency": 100,
  "medianWinnerLatency": 71.5
}