{
  "averagePlayerLatency": 120.60267777974818,
  "averageWinnerLatency": 95.68079773321709,
  "medianPlayerLatency": 100.5,
  "medianWinnerLatency": 72
}