{
  "averagePlayerLatency": 113.20652046440718,
  "averageWinnerLatency": 93.890574650913,
  "medianPlayerLatency": 92,
  "medianWinnerLatency": 72.5
}