{
  "averagePlayerLatency": 113.51327164251796,
  "averageWinnerLatency": 94.35861111111112,
  "medianPlayerLatency": 92,
  "medianWinnerLatency": 79
}