{
  "averagePlayerLatency": 113.80111760223521,
  "averageWinnerLatency": 94.3918799646955,
  "medianPlayerLatency": 93.75,
  "medianWinnerLatency": 73
}