{
  "averagePlayerLatency": 113.53317507418397,
  "averageWinnerLatency": 94.3048251558688,
  "medianPlayerLatency": 92,
  "medianWinnerLatency": 78
}