{
  "averagePlayerLatency": 113.8054898543508,
  "averageWinnerLatency": 93.92222858779719,
  "medianPlayerLatency": 92.5,
  "medianWinnerLatency": 78.5
}