{
  "averagePlayerLatency": 114.08236336032388,
  "averageWinnerLatency": 94.08634772462077,
  "medianPlayerLatency": 93,
  "medianWinnerLatency": 79.5
}