{
  "averagePlayerLatency": 121.58975563909775,
  "averageWinnerLatency": 95.11583797685384,
  "medianPlayerLatency": 100.5,
  "medianWinnerLatency": 71.5
}