{
  "averagePlayerLatency": 120.4440739752823,
  "averageWinnerLatency": 95.56405499781755,
  "medianPlayerLatency": 100,
  "medianWinnerLatency": 71.75
}