{
  "averagePlayerLatency": 75.21027131782945,
  "averageWinnerLatency": 78.32386363636364,
  "medianPlayerLatency": 61,
  "medianWinnerLatency": 50.5
}