{
  "averagePlayerLatency": 76.05308219178082,
  "averageWinnerLatency": 78.50162866449512,
  "medianPlayerLatency": 60.5,
  "medianWinnerLatency": 50.5
}