{
  "averagePlayerLatency": 81.22035858877965,
  "averageWinnerLatency": 72.02388797364085,
  "medianPlayerLatency": 70,
  "medianWinnerLatency": 50.5
}