{
  "averagePlayerLatency": 74.69614711033275,
  "averageWinnerLatency": 77.48305084745763,
  "medianPlayerLatency": 60.5,
  "medianWinnerLatency": 50.5
}