{
  "averagePlayerLatency": 74.83544303797468,
  "averageWinnerLatency": 77.41637630662021,
  "medianPlayerLatency": 60.5,
  "medianWinnerLatency": 50.5
}