{
  "averagePlayerLatency": 75.15898959881129,
  "averageWinnerLatency": 76.23982558139535,
  "medianPlayerLatency": 60.5,
  "medianWinnerLatency": 50.5
}