{
  "averagePlayerLatency": 76.92717391304348,
  "averageWinnerLatency": 81.2344398340249,
  "medianPlayerLatency": 61.5,
  "medianWinnerLatency": 51
}