{
  "averagePlayerLatency": 80.97164796219728,
  "averageWinnerLatency": 72.18023255813954,
  "medianPlayerLatency": 70,
  "medianWinnerLatency": 50.5
}