{
  "averagePlayerLatency": 78.91044282881693,
  "averageWinnerLatency": 72.40948275862068,
  "medianPlayerLatency": 62.5,
  "medianWinnerLatency": 50.5
}