{
  "averagePlayerLatency": 77.70031796502384,
  "averageWinnerLatency": 72.95668549905838,
  "medianPlayerLatency": 61.5,
  "medianWinnerLatency": 50.5
}