{
  "averagePlayerLatency": 75.43469785575049,
  "averageWinnerLatency": 78.6145038167939,
  "medianPlayerLatency": 61,
  "medianWinnerLatency": 50.5
}