{
  "averagePlayerLatency": 75.85099846390169,
  "averageWinnerLatency": 77.06567164179104,
  "medianPlayerLatency": 60.5,
  "medianWinnerLatency": 50.5
}