{
  "averagePlayerLatency": 76.47583081570997,
  "averageWinnerLatency": 83.28010471204189,
  "medianPlayerLatency": 60.5,
  "medianWinnerLatency": 51
}