{
  "averagePlayerLatency": 75.78516819571865,
  "averageWinnerLatency": 76.98809523809524,
  "medianPlayerLatency": 60.5,
  "medianWinnerLatency": 50.5
}