{
  "averagePlayerLatency": 77.61021276595744,
  "averageWinnerLatency": 73.65080971659918,
  "medianPlayerLatency": 61.5,
  "medianWinnerLatency": 50.5
}