{
  "averagePlayerLatency": 78.36601059803179,
  "averageWinnerLatency": 72.64598540145985,
  "medianPlayerLatency": 62,
  "medianWinnerLatency": 50.5
}