{
  "averagePlayerLatency": 80.37314814814815,
  "averageWinnerLatency": 72.48905723905725,
  "medianPlayerLatency": 70,
  "medianWinnerLatency": 50.5
}