{
  "averagePlayerLatency": 117.69449541284403,
  "averageWinnerLatency": 100.15887573964497,
  "medianPlayerLatency": 101.5,
  "medianWinnerLatency": 90
}