{
  "averagePlayerLatency": 77.46945606694561,
  "averageWinnerLatency": 74.31952662721893,
  "medianPlayerLatency": 61.5,
  "medianWinnerLatency": 50.5
}