{
  "averagePlayerLatency": 76.47583081570997,
  "averageWinnerLatency": 83.96354166666667,
  "medianPlayerLatency": 60.5,
  "medianWinnerLatency": 51
}