{
  "averagePlayerLatency": 75.36115444617785,
  "averageWinnerLatency": 77.32175226586102,
  "medianPlayerLatency": 60.5,
  "medianWinnerLatency": 50.5
}