{
  "averagePlayerLatency": 76.20989143546441,
  "averageWinnerLatency": 74.99363867684478,
  "medianPlayerLatency": 61.5,
  "medianWinnerLatency": 50.5
}