{
  "averagePlayerLatency": 76.7153024911032,
  "averageWinnerLatency": 74.94080604534005,
  "medianPlayerLatency": 61.5,
  "medianWinnerLatency": 50.5
}