{
  "averagePlayerLatency": 74.92972181551977,
  "averageWinnerLatency": 75.92385057471265,
  "medianPlayerLatency": 60.5,
  "medianWinnerLatency": 50.5
}