{
  "averagePlayerLatency": 74.73153153153153,
  "averageWinnerLatency": 77.74479166666667,
  "medianPlayerLatency": 60.5,
  "medianWinnerLatency": 50.5
}