{
  "averagePlayerLatency": 75.3054226475279,
  "averageWinnerLatency": 77.75076923076924,
  "medianPlayerLatency": 60.5,
  "medianWinnerLatency": 50.5
}