{
  "averagePlayerLatency": 74.21525885558583,
  "averageWinnerLatency": 74.21232876712328,
  "medianPlayerLatency": 60.5,
  "medianWinnerLatency": 50
}