{
  "averagePlayerLatency": 75.46984924623115,
  "averageWinnerLatency": 77.8952380952381,
  "medianPlayerLatency": 60,
  "medianWinnerLatency": 50.5
}