{
  "averagePlayerLatency": 81.12620807276862,
  "averageWinnerLatency": 72.22667757774141,
  "medianPlayerLatency": 70,
  "medianWinnerLatency": 50.5
}