{
  "averagePlayerLatency": 78.67108013937282,
  "averageWinnerLatency": 72.62543859649122,
  "medianPlayerLatency": 62.5,
  "medianWinnerLatency": 50.5
}