{
  "averagePlayerLatency": 77.47804054054055,
  "averageWinnerLatency": 74.01002004008016,
  "medianPlayerLatency": 61.5,
  "medianWinnerLatency": 50.5
}