{
  "averagePlayerLatency": 77.19495033112582,
  "averageWinnerLatency": 74.14313725490196,
  "medianPlayerLatency": 61.5,
  "medianWinnerLatency": 50.5
}