{
  "averagePlayerLatency": 75.91567460317461,
  "averageWinnerLatency": 79.662109375,
  "medianPlayerLatency": 61.5,
  "medianWinnerLatency": 50.75
}