{
  "averagePlayerLatency": 78.15769522365429,
  "averageWinnerLatency": 72.66819012797075,
  "medianPlayerLatency": 62,
  "medianWinnerLatency": 50.5
}