{
  "averagePlayerLatency": 75.52549342105263,
  "averageWinnerLatency": 77.84482758620689,
  "medianPlayerLatency": 60.5,
  "medianWinnerLatency": 50.5
}