{
  "averagePlayerLatency": 76.93600867678958,
  "averageWinnerLatency": 81.10950413223141,
  "medianPlayerLatency": 61.5,
  "medianWinnerLatency": 51
}