{
  "averagePlayerLatency": 78.8646517739816,
  "averageWinnerLatency": 72.35628227194492,
  "medianPlayerLatency": 62.5,
  "medianWinnerLatency": 50.5
}