{
  "averagePlayerLatency": 74.25889046941678,
  "averageWinnerLatency": 75.39124293785311,
  "medianPlayerLatency": 60,
  "medianWinnerLatency": 50.5
}