{
  "averagePlayerLatency": 77.38927637314734,
  "averageWinnerLatency": 74.16115702479338,
  "medianPlayerLatency": 62,
  "medianWinnerLatency": 50.5
}