{
  "averagePlayerLatency": 75.26542416452442,
  "averageWinnerLatency": 74.43684210526315,
  "medianPlayerLatency": 61,
  "medianWinnerLatency": 50.5
}