{
  "averagePlayerLatency": 74.3862660944206,
  "averageWinnerLatency": 75.48725212464589,
  "medianPlayerLatency": 60,
  "medianWinnerLatency": 50.5
}