{
  "averagePlayerLatency": 80.98264705882353,
  "averageWinnerLatency": 72.11276948590381,
  "medianPlayerLatency": 70.25,
  "medianWinnerLatency": 50.5
}