{
  "averagePlayerLatency": 80.09553349875931,
  "averageWinnerLatency": 72.55902192242833,
  "medianPlayerLatency": 70,
  "medianWinnerLatency": 50.5
}