{
  "averagePlayerLatency": 77.06900726392251,
  "averageWinnerLatency": 82.2719298245614,
  "medianPlayerLatency": 61,
  "medianWinnerLatency": 50.5
}