{
  "averagePlayerLatency": 78.21757770632368,
  "averageWinnerLatency": 75.08907363420427,
  "medianPlayerLatency": 62,
  "medianWinnerLatency": 50.5
}