{
  "averagePlayerLatency": 77.66166007905139,
  "averageWinnerLatency": 72.90560747663551,
  "medianPlayerLatency": 61.5,
  "medianWinnerLatency": 50.5
}