{
  "averagePlayerLatency": 74.03839122486289,
  "averageWinnerLatency": 76.0338078291815,
  "medianPlayerLatency": 60,
  "medianWinnerLatency": 50
}