{
  "averagePlayerLatency": 77.59083119108826,
  "averageWinnerLatency": 73.89205702647658,
  "medianPlayerLatency": 61.5,
  "medianWinnerLatency": 50.5
}