{
  "averagePlayerLatency": 75.29180064308682,
  "averageWinnerLatency": 77.97987616099071,
  "medianPlayerLatency": 60.5,
  "medianWinnerLatency": 50.5
}