{
  "averagePlayerLatency": 76.01619433198381,
  "averageWinnerLatency": 80.3234126984127,
  "medianPlayerLatency": 61.5,
  "medianWinnerLatency": 51
}