{
  "averagePlayerLatency": 77.95076784101174,
  "averageWinnerLatency": 75.11670235546039,
  "medianPlayerLatency": 62,
  "medianWinnerLatency": 50.5
}