{
  "averagePlayerLatency": 76.3155487804878,
  "averageWinnerLatency": 80.42702702702702,
  "medianPlayerLatency": 60.5,
  "medianWinnerLatency": 50.5
}