{
  "averagePlayerLatency": 78.94872654155496,
  "averageWinnerLatency": 72.53292894280763,
  "medianPlayerLatency": 62.75,
  "medianWinnerLatency": 50.5
}