{
  "averagePlayerLatency": 77.42527287993283,
  "averageWinnerLatency": 73.84027777777777,
  "medianPlayerLatency": 61.5,
  "medianWinnerLatency": 50.5
}