{
  "averagePlayerLatency": 78.84499314128944,
  "averageWinnerLatency": 72.5741710296684,
  "medianPlayerLatency": 62.5,
  "medianWinnerLatency": 50.5
}