{
  "averagePlayerLatency": 74.23897058823529,
  "averageWinnerLatency": 76.3225806451613,
  "medianPlayerLatency": 60.5,
  "medianWinnerLatency": 50.5
}