{
  "averagePlayerLatency": 77.45097244732577,
  "averageWinnerLatency": 73.69519230769231,
  "medianPlayerLatency": 61.5,
  "medianWinnerLatency": 50.5
}