{
  "averagePlayerLatency": 74.67821067821068,
  "averageWinnerLatency": 75.62678062678063,
  "medianPlayerLatency": 60.5,
  "medianWinnerLatency": 50.5
}