{
  "averagePlayerLatency": 78.02040030792918,
  "averageWinnerLatency": 72.62638376383764,
  "medianPlayerLatency": 62,
  "medianWinnerLatency": 50.5
}