{
  "averagePlayerLatency": 75.30929487179488,
  "averageWinnerLatency": 77.86574074074075,
  "medianPlayerLatency": 60.5,
  "medianWinnerLatency": 50.5
}