{
  "averagePlayerLatency": 74.75090579710145,
  "averageWinnerLatency": 76.82105263157895,
  "medianPlayerLatency": 60.5,
  "medianWinnerLatency": 50.5
}