{
  "averagePlayerLatency": 77.6783276450512,
  "averageWinnerLatency": 73.71703853955376,
  "medianPlayerLatency": 61.5,
  "medianWinnerLatency": 50.5
}