{
  "averagePlayerLatency": 77.57394668959587,
  "averageWinnerLatency": 73.97857142857143,
  "medianPlayerLatency": 61.5,
  "medianWinnerLatency": 50.5
}