{
  "averagePlayerLatency": 74.63728129205921,
  "averageWinnerLatency": 74.16893732970027,
  "medianPlayerLatency": 61,
  "medianWinnerLatency": 50.5
}