{
  "averagePlayerLatency": 74.43655172413793,
  "averageWinnerLatency": 74.51933701657458,
  "medianPlayerLatency": 60.5,
  "medianWinnerLatency": 50.5
}