{
  "averagePlayerLatency": 77.33130962705984,
  "averageWinnerLatency": 73.98045267489712,
  "medianPlayerLatency": 61.5,
  "medianWinnerLatency": 50.5
}