{
  "averagePlayerLatency": 75.48705501618123,
  "averageWinnerLatency": 78.0031055900621,
  "medianPlayerLatency": 60.5,
  "medianWinnerLatency": 50.5
}