{
  "averagePlayerLatency": 77.39888888888889,
  "averageWinnerLatency": 81.56903765690376,
  "medianPlayerLatency": 61.5,
  "medianWinnerLatency": 51
}