{
  "averagePlayerLatency": 80.05829177057356,
  "averageWinnerLatency": 72.57854729729729,
  "medianPlayerLatency": 70,
  "medianWinnerLatency": 50.5
}