{
  "averagePlayerLatency": 77.78629032258064,
  "averageWinnerLatency": 73.52873563218391,
  "medianPlayerLatency": 61.5,
  "medianWinnerLatency": 50.5
}