{
  "averagePlayerLatency": 81.06607440310938,
  "averageWinnerLatency": 72.1969205834684,
  "medianPlayerLatency": 70,
  "medianWinnerLatency": 51
}