{
  "averagePlayerLatency": 81.04025191675794,
  "averageWinnerLatency": 72.17932148626818,
  "medianPlayerLatency": 70,
  "medianWinnerLatency": 51
}