{
  "averagePlayerLatency": 78.07367613200307,
  "averageWinnerLatency": 72.7145488029466,
  "medianPlayerLatency": 62,
  "medianWinnerLatency": 50.5
}