{
  "averagePlayerLatency": 75.83148148148148,
  "averageWinnerLatency": 75.03865979381443,
  "medianPlayerLatency": 61.5,
  "medianWinnerLatency": 50.5
}