{
  "averagePlayerLatency": 74.88394415357766,
  "averageWinnerLatency": 77.32263513513513,
  "medianPlayerLatency": 60.5,
  "medianWinnerLatency": 50.5
}