{
  "averagePlayerLatency": 81.09008498583569,
  "averageWinnerLatency": 72.24264705882354,
  "medianPlayerLatency": 70,
  "medianWinnerLatency": 50.5
}