{
  "averagePlayerLatency": 81.17049915872126,
  "averageWinnerLatency": 72.27886178861789,
  "medianPlayerLatency": 70,
  "medianWinnerLatency": 51
}