{
  "averagePlayerLatency": 75.54446308724832,
  "averageWinnerLatency": 77.9156050955414,
  "medianPlayerLatency": 60.25,
  "medianWinnerLatency": 50.25
}