{
  "averagePlayerLatency": 75.55159332321699,
  "averageWinnerLatency": 76.83431952662721,
  "medianPlayerLatency": 60.5,
  "medianWinnerLatency": 50.5
}