{
  "averagePlayerLatency": 74.95368620037807,
  "averageWinnerLatency": 77.41111111111111,
  "medianPlayerLatency": 60.5,
  "medianWinnerLatency": 50.5
}