{
  "averagePlayerLatency": 75.1615087040619,
  "averageWinnerLatency": 78.14150943396227,
  "medianPlayerLatency": 61,
  "medianWinnerLatency": 50.5
}