{
  "averagePlayerLatency": 76.02395672333849,
  "averageWinnerLatency": 77.1951951951952,
  "medianPlayerLatency": 60.5,
  "medianWinnerLatency": 50.5
}