{
  "averagePlayerLatency": 75.40697674418605,
  "averageWinnerLatency": 77.92271293375394,
  "medianPlayerLatency": 60.5,
  "medianWinnerLatency": 50.5
}