{
  "averagePlayerLatency": 78.56722997795738,
  "averageWinnerLatency": 72.82913669064749,
  "medianPlayerLatency": 62,
  "medianWinnerLatency": 50.5
}