{
  "averagePlayerLatency": 78.96141374837873,
  "averageWinnerLatency": 72.28253424657534,
  "medianPlayerLatency": 63,
  "medianWinnerLatency": 50.5
}