{
  "averagePlayerLatency": 75.48640483383686,
  "averageWinnerLatency": 76.69911504424779,
  "medianPlayerLatency": 60.5,
  "medianWinnerLatency": 50.5
}