{
  "averagePlayerLatency": 80.88132530120482,
  "averageWinnerLatency": 72.43645484949833,
  "medianPlayerLatency": 70,
  "medianWinnerLatency": 50.5
}