{
  "averagePlayerLatency": 77.54699407281964,
  "averageWinnerLatency": 73.43259557344065,
  "medianPlayerLatency": 61.5,
  "medianWinnerLatency": 50.5
}