{
  "averagePlayerLatency": 77.99892008639308,
  "averageWinnerLatency": 74.94377990430623,
  "medianPlayerLatency": 62,
  "medianWinnerLatency": 50.5
}