{
  "averagePlayerLatency": 79.56417624521073,
  "averageWinnerLatency": 72.32197614991482,
  "medianPlayerLatency": 63.5,
  "medianWinnerLatency": 50.5
}