{
  "averagePlayerLatency": 117.92265193370166,
  "averageWinnerLatency": 100.34243323442136,
  "medianPlayerLatency": 101.5,
  "medianWinnerLatency": 90.5
}