{
  "averagePlayerLatency": 74.24814814814815,
  "averageWinnerLatency": 76.77454545454546,
  "medianPlayerLatency": 60.5,
  "medianWinnerLatency": 50.5
}