{
  "averagePlayerLatency": 74.7222963951936,
  "averageWinnerLatency": 74.01761517615176,
  "medianPlayerLatency": 61,
  "medianWinnerLatency": 50.5
}