{
  "averagePlayerLatency": 127.84770992366413,
  "averageWinnerLatency": 102.63651424784625,
  "medianPlayerLatency": 121,
  "medianWinnerLatency": 91
}