{
  "averagePlayerLatency": 77.12674897119342,
  "averageWinnerLatency": 74.0908203125,
  "medianPlayerLatency": 61.5,
  "medianWinnerLatency": 50.5
}