{
  "averagePlayerLatency": 127.84770992366413,
  "averageWinnerLatency": 102.6435676392573,
  "medianPlayerLatency": 121,
  "medianWinnerLatency": 91
}