{
  "averagePlayerLatency": 75.04720616570327,
  "averageWinnerLatency": 77.90074906367042,
  "medianPlayerLatency": 61,
  "medianWinnerLatency": 50.5
}