{
  "averagePlayerLatency": 74.28783592644979,
  "averageWinnerLatency": 75.14044943820225,
  "medianPlayerLatency": 60.5,
  "medianWinnerLatency": 50.5
}