{
  "averagePlayerLatency": 74.40196078431373,
  "averageWinnerLatency": 77.84192439862542,
  "medianPlayerLatency": 60,
  "medianWinnerLatency": 50.5
}