{
  "averagePlayerLatency": 75.25064935064935,
  "averageWinnerLatency": 74.17063492063492,
  "medianPlayerLatency": 61,
  "medianWinnerLatency": 50.5
}