{
  "averagePlayerLatency": 78.84685863874346,
  "averageWinnerLatency": 72.33676975945018,
  "medianPlayerLatency": 62.5,
  "medianWinnerLatency": 50.5
}