{
  "averagePlayerLatency": 77.7519422863485,
  "averageWinnerLatency": 75.14841849148418,
  "medianPlayerLatency": 61.5,
  "medianWinnerLatency": 50.5
}