{
  "averagePlayerLatency": 75.28012422360248,
  "averageWinnerLatency": 74.7609819121447,
  "medianPlayerLatency": 61.5,
  "medianWinnerLatency": 50.5
}