{
  "averagePlayerLatency": 77.60357142857143,
  "averageWinnerLatency": 74.7823779193206,
  "medianPlayerLatency": 62,
  "medianWinnerLatency": 50.5
}