{
  "averagePlayerLatency": 77.22145187601957,
  "averageWinnerLatency": 73.99321705426357,
  "medianPlayerLatency": 61.5,
  "medianWinnerLatency": 50.5
}