{
  "averagePlayerLatency": 77.39439480097482,
  "averageWinnerLatency": 73.77938342967245,
  "medianPlayerLatency": 61.5,
  "medianWinnerLatency": 50.5
}