{
  "averagePlayerLatency": 74.70503597122303,
  "averageWinnerLatency": 77.57785467128028,
  "medianPlayerLatency": 60.5,
  "medianWinnerLatency": 50.5
}