{
  "averagePlayerLatency": 78.1742125984252,
  "averageWinnerLatency": 75.4864559819413,
  "medianPlayerLatency": 62,
  "medianWinnerLatency": 50.5
}