{
  "averagePlayerLatency": 77.68131868131869,
  "averageWinnerLatency": 72.82495344506518,
  "medianPlayerLatency": 61.5,
  "medianWinnerLatency": 50.5
}