{
  "averagePlayerLatency": 76.4832285115304,
  "averageWinnerLatency": 80.90688259109312,
  "medianPlayerLatency": 61.5,
  "medianWinnerLatency": 51
}