{
  "averagePlayerLatency": 77.34062237174096,
  "averageWinnerLatency": 73.86580516898609,
  "medianPlayerLatency": 61.5,
  "medianWinnerLatency": 50.5
}