{
  "averagePlayerLatency": 79.4002565747274,
  "averageWinnerLatency": 72.21331058020478,
  "medianPlayerLatency": 63,
  "medianWinnerLatency": 50.5
}