{
  "averagePlayerLatency": 117.82801961986512,
  "averageWinnerLatency": 100.2652637818613,
  "medianPlayerLatency": 101.5,
  "medianWinnerLatency": 90
}