{
  "averagePlayerLatency": 74.40130353817504,
  "averageWinnerLatency": 77.07875457875458,
  "medianPlayerLatency": 60.5,
  "medianWinnerLatency": 50.5
}