{
  "averagePlayerLatency": 74.52429906542056,
  "averageWinnerLatency": 77.2095588235294,
  "medianPlayerLatency": 60.5,
  "medianWinnerLatency": 50.5
}