{
  "averagePlayerLatency": 77.75875796178345,
  "averageWinnerLatency": 72.95754716981132,
  "medianPlayerLatency": 61.5,
  "medianWinnerLatency": 50.5
}