{
  "averagePlayerLatency": 77.63173652694611,
  "averageWinnerLatency": 73.80386178861788,
  "medianPlayerLatency": 61.5,
  "medianWinnerLatency": 50.5
}