{
  "averagePlayerLatency": 77.64708520179373,
  "averageWinnerLatency": 74.87553191489361,
  "medianPlayerLatency": 62,
  "medianWinnerLatency": 50.5
}