{
  "averagePlayerLatency": 76.23924268502581,
  "averageWinnerLatency": 78.94059405940594,
  "medianPlayerLatency": 60.5,
  "medianWinnerLatency": 50.5
}