{
  "averagePlayerLatency": 78.71413575927222,
  "averageWinnerLatency": 72.69771528998243,
  "medianPlayerLatency": 62.5,
  "medianWinnerLatency": 50.5
}