{
  "averagePlayerLatency": 78.48598130841121,
  "averageWinnerLatency": 76.01748251748252,
  "medianPlayerLatency": 62,
  "medianWinnerLatency": 50.5
}