{
  "averagePlayerLatency": 75.20310478654592,
  "averageWinnerLatency": 74.4736147757256,
  "medianPlayerLatency": 61,
  "medianWinnerLatency": 50.5
}