{
  "averagePlayerLatency": 75.58306188925081,
  "averageWinnerLatency": 78.05607476635514,
  "medianPlayerLatency": 60.5,
  "medianWinnerLatency": 50.5
}