{
  "averagePlayerLatency": 75.16331658291458,
  "averageWinnerLatency": 74.85714285714286,
  "medianPlayerLatency": 61.25,
  "medianWinnerLatency": 50.5
}