{
  "averagePlayerLatency": 76.17697594501718,
  "averageWinnerLatency": 78.68852459016394,
  "medianPlayerLatency": 60.5,
  "medianWinnerLatency": 50.5
}