{
  "averagePlayerLatency": 75.26302083333333,
  "averageWinnerLatency": 73.88328912466844,
  "medianPlayerLatency": 61,
  "medianWinnerLatency": 50.5
}