{
  "averagePlayerLatency": 77.67405063291139,
  "averageWinnerLatency": 72.90636704119851,
  "medianPlayerLatency": 61.5,
  "medianWinnerLatency": 50.5
}