{
  "averagePlayerLatency": 78.54601861427093,
  "averageWinnerLatency": 75.93720930232558,
  "medianPlayerLatency": 62,
  "medianWinnerLatency": 50.5
}