{
  "averagePlayerLatency": 75.15523809523809,
  "averageWinnerLatency": 77.54646840148699,
  "medianPlayerLatency": 60.5,
  "medianWinnerLatency": 50.5
}