{
  "averagePlayerLatency": 78.00108577633007,
  "averageWinnerLatency": 75.0576923076923,
  "medianPlayerLatency": 62,
  "medianWinnerLatency": 50.5
}