{
  "averagePlayerLatency": 74.55263157894737,
  "averageWinnerLatency": 76.21201413427562,
  "medianPlayerLatency": 60.5,
  "medianWinnerLatency": 50
}