{
  "averagePlayerLatency": 77.13766339869281,
  "averageWinnerLatency": 74.07864077669903,
  "medianPlayerLatency": 61.5,
  "medianWinnerLatency": 50.5
}