{
  "averagePlayerLatency": 76.3155487804878,
  "averageWinnerLatency": 82.39572192513369,
  "medianPlayerLatency": 60.5,
  "medianWinnerLatency": 50.5
}