{
  "averagePlayerLatency": 80.67326431181486,
  "averageWinnerLatency": 72.49161073825503,
  "medianPlayerLatency": 70,
  "medianWinnerLatency": 50.5
}