{
  "averagePlayerLatency": 78.51805453205601,
  "averageWinnerLatency": 72.88558558558559,
  "medianPlayerLatency": 62,
  "medianWinnerLatency": 50.5
}