{
  "averagePlayerLatency": 81.0122828040743,
  "averageWinnerLatency": 72.35058430717864,
  "medianPlayerLatency": 70,
  "medianWinnerLatency": 50.5
}