{
  "averagePlayerLatency": 75.19419642857143,
  "averageWinnerLatency": 76.34110787172011,
  "medianPlayerLatency": 60.5,
  "medianWinnerLatency": 50.5
}