{
  "averagePlayerLatency": 75.6175972927242,
  "averageWinnerLatency": 78.15544871794872,
  "medianPlayerLatency": 60.5,
  "medianWinnerLatency": 50.5
}