{
  "averagePlayerLatency": 81.11737089201878,
  "averageWinnerLatency": 72.12748344370861,
  "medianPlayerLatency": 70.25,
  "medianWinnerLatency": 50.5
}