{
  "averagePlayerLatency": 75.07913043478261,
  "averageWinnerLatency": 77.0755033557047,
  "medianPlayerLatency": 60.5,
  "medianWinnerLatency": 50.25
}