{
  "averagePlayerLatency": 74.45929203539824,
  "averageWinnerLatency": 77.48976109215018,
  "medianPlayerLatency": 60.5,
  "medianWinnerLatency": 50.5
}