{
  "averagePlayerLatency": 127.02480916030534,
  "averageWinnerLatency": 103.35089463220676,
  "medianPlayerLatency": 120.5,
  "medianWinnerLatency": 91
}