{
  "averagePlayerLatency": 77.47552447552448,
  "averageWinnerLatency": 82.13304721030043,
  "medianPlayerLatency": 61.5,
  "medianWinnerLatency": 51
}