{
  "averagePlayerLatency": 77.89551422319475,
  "averageWinnerLatency": 74.95169082125604,
  "medianPlayerLatency": 62,
  "medianWinnerLatency": 50.5
}