{
  "averagePlayerLatency": 77.51490825688073,
  "averageWinnerLatency": 81.9531914893617,
  "medianPlayerLatency": 61.5,
  "medianWinnerLatency": 51
}