{
  "averagePlayerLatency": 79.67684478371501,
  "averageWinnerLatency": 72.25170068027211,
  "medianPlayerLatency": 63.5,
  "medianWinnerLatency": 50.5
}