{
  "averagePlayerLatency": 75.33183856502242,
  "averageWinnerLatency": 76.4574780058651,
  "medianPlayerLatency": 60.5,
  "medianWinnerLatency": 50.5
}