{
  "averagePlayerLatency": 75.32832278481013,
  "averageWinnerLatency": 77.4969512195122,
  "medianPlayerLatency": 60.5,
  "medianWinnerLatency": 50.5
}