{
  "averagePlayerLatency": 81.24563953488372,
  "averageWinnerLatency": 72.07343234323433,
  "medianPlayerLatency": 70,
  "medianWinnerLatency": 50.5
}