{
  "averagePlayerLatency": 76.18833535844472,
  "averageWinnerLatency": 74.98849104859335,
  "medianPlayerLatency": 61.5,
  "medianWinnerLatency": 50.5
}