{
  "averagePlayerLatency": 78.38509968520462,
  "averageWinnerLatency": 76.1311475409836,
  "medianPlayerLatency": 62,
  "medianWinnerLatency": 50.5
}