{
  "averagePlayerLatency": 74.45608108108108,
  "averageWinnerLatency": 74.17622950819673,
  "medianPlayerLatency": 60.5,
  "medianWinnerLatency": 50.25
}