{
  "averagePlayerLatency": 74.92867647058823,
  "averageWinnerLatency": 75.90634005763688,
  "medianPlayerLatency": 60.5,
  "medianWinnerLatency": 50.5
}