{
  "averagePlayerLatency": 77.45617879053462,
  "averageWinnerLatency": 74.34128630705395,
  "medianPlayerLatency": 62,
  "medianWinnerLatency": 50.5
}