{
  "averagePlayerLatency": 77.22192749778957,
  "averageWinnerLatency": 74.40546218487395,
  "medianPlayerLatency": 62,
  "medianWinnerLatency": 50.5
}