{
  "averagePlayerLatency": 78.3763197586727,
  "averageWinnerLatency": 72.67941712204008,
  "medianPlayerLatency": 62,
  "medianWinnerLatency": 50.5
}