{
  "averagePlayerLatency": 77.01397849462366,
  "averageWinnerLatency": 81.35714285714286,
  "medianPlayerLatency": 61.5,
  "medianWinnerLatency": 51
}