{
  "averagePlayerLatency": 75.34779179810725,
  "averageWinnerLatency": 77.47568389057751,
  "medianPlayerLatency": 60.5,
  "medianWinnerLatency": 50.5
}