{
  "averagePlayerLatency": 75.61614173228347,
  "averageWinnerLatency": 79.09073359073359,
  "medianPlayerLatency": 61,
  "medianWinnerLatency": 50.5
}