{
  "averagePlayerLatency": 81.16771788990826,
  "averageWinnerLatency": 71.99178981937602,
  "medianPlayerLatency": 70,
  "medianWinnerLatency": 50.5
}