{
  "averagePlayerLatency": 77.62637828668363,
  "averageWinnerLatency": 73.58484848484848,
  "medianPlayerLatency": 61.5,
  "medianWinnerLatency": 50.5
}