{
  "averagePlayerLatency": 77.39300758213984,
  "averageWinnerLatency": 73.91616766467065,
  "medianPlayerLatency": 61.5,
  "medianWinnerLatency": 50.5
}