{
  "averagePlayerLatency": 77.90024135156878,
  "averageWinnerLatency": 73.44646271510516,
  "medianPlayerLatency": 61.5,
  "medianWinnerLatency": 50.5
}