{
  "averagePlayerLatency": 76.16515151515152,
  "averageWinnerLatency": 83.4074074074074,
  "medianPlayerLatency": 60.5,
  "medianWinnerLatency": 50.5
}