{
  "averagePlayerLatency": 77.39920071047958,
  "averageWinnerLatency": 74.52426160337552,
  "medianPlayerLatency": 62,
  "medianWinnerLatency": 50.5
}