{
  "averagePlayerLatency": 74.63272727272727,
  "averageWinnerLatency": 75.90780141843972,
  "medianPlayerLatency": 60.5,
  "medianWinnerLatency": 50
}