{
  "averagePlayerLatency": 77.83027156549521,
  "averageWinnerLatency": 73.2011385199241,
  "medianPlayerLatency": 61.5,
  "medianWinnerLatency": 50.5
}