{
  "averagePlayerLatency": 76.73505275498242,
  "averageWinnerLatency": 75.03634085213032,
  "medianPlayerLatency": 61.5,
  "medianWinnerLatency": 50.5
}