{
  "averagePlayerLatency": 74.491643454039,
  "averageWinnerLatency": 74.67777777777778,
  "medianPlayerLatency": 60.5,
  "medianWinnerLatency": 50.5
}