{
  "averagePlayerLatency": 77.89414595028067,
  "averageWinnerLatency": 73.28285714285714,
  "medianPlayerLatency": 61.5,
  "medianWinnerLatency": 50.5
}