{
  "averagePlayerLatency": 75.25697969543147,
  "averageWinnerLatency": 74.95039164490862,
  "medianPlayerLatency": 61,
  "medianWinnerLatency": 50.5
}