{
  "averagePlayerLatency": 76.32395833333334,
  "averageWinnerLatency": 80.62650602409639,
  "medianPlayerLatency": 61.5,
  "medianWinnerLatency": 51
}