{
  "averagePlayerLatency": 77.91713370696557,
  "averageWinnerLatency": 73.26140684410646,
  "medianPlayerLatency": 61.5,
  "medianWinnerLatency": 50.5
}