{
  "averagePlayerLatency": 76.73054245283019,
  "averageWinnerLatency": 75.14572864321607,
  "medianPlayerLatency": 61.5,
  "medianWinnerLatency": 50.5
}