{
  "averagePlayerLatency": 74.91347424042272,
  "averageWinnerLatency": 73.77688172043011,
  "medianPlayerLatency": 61,
  "medianWinnerLatency": 50.25
}