{
  "averagePlayerLatency": 76.46718377088305,
  "averageWinnerLatency": 74.94570707070707,
  "medianPlayerLatency": 61.5,
  "medianWinnerLatency": 50.5
}