{
  "averagePlayerLatency": 77.13911620294598,
  "averageWinnerLatency": 74.08268482490273,
  "medianPlayerLatency": 61.5,
  "medianWinnerLatency": 50.5
}