{
  "averagePlayerLatency": 76.3155487804878,
  "averageWinnerLatency": 79.87228260869566,
  "medianPlayerLatency": 60.5,
  "medianWinnerLatency": 50.5
}