{
  "averagePlayerLatency": 78.09166666666667,
  "averageWinnerLatency": 75.48085585585585,
  "medianPlayerLatency": 62,
  "medianWinnerLatency": 50.75
}