{
  "averagePlayerLatency": 75.87393526405451,
  "averageWinnerLatency": 78.20322580645161,
  "medianPlayerLatency": 60.5,
  "medianWinnerLatency": 50.5
}