{
  "averagePlayerLatency": 78.14784946236558,
  "averageWinnerLatency": 74.75595238095238,
  "medianPlayerLatency": 62,
  "medianWinnerLatency": 50.5
}