{
  "averagePlayerLatency": 75.02825229960578,
  "averageWinnerLatency": 74.0120320855615,
  "medianPlayerLatency": 61,
  "medianWinnerLatency": 50.25
}