{
  "averagePlayerLatency": 80.95255041518386,
  "averageWinnerLatency": 72.24875207986689,
  "medianPlayerLatency": 70,
  "medianWinnerLatency": 50.5
}