{
  "averagePlayerLatency": 78.56102071005917,
  "averageWinnerLatency": 72.96209386281589,
  "medianPlayerLatency": 62,
  "medianWinnerLatency": 50.5
}