{
  "averagePlayerLatency": 75.04720616570327,
  "averageWinnerLatency": 77.92481203007519,
  "medianPlayerLatency": 61,
  "medianWinnerLatency": 50.5
}