{
  "averagePlayerLatency": 77.82521947326417,
  "averageWinnerLatency": 73.12026515151516,
  "medianPlayerLatency": 61.5,
  "medianWinnerLatency": 50.5
}