{
  "averagePlayerLatency": 77.53921568627452,
  "averageWinnerLatency": 74.68961864406779,
  "medianPlayerLatency": 62,
  "medianWinnerLatency": 50.5
}