{
  "averagePlayerLatency": 81.06804407713499,
  "averageWinnerLatency": 72.19822006472492,
  "medianPlayerLatency": 70,
  "medianWinnerLatency": 51
}