{
  "averagePlayerLatency": 77.01397849462366,
  "averageWinnerLatency": 80.86065573770492,
  "medianPlayerLatency": 61.5,
  "medianWinnerLatency": 51
}