{
  "averagePlayerLatency": 81.0608108108108,
  "averageWinnerLatency": 72.20765472312704,
  "medianPlayerLatency": 70,
  "medianWinnerLatency": 50.75
}