{
  "averagePlayerLatency": 77.31260869565217,
  "averageWinnerLatency": 74.04948453608247,
  "medianPlayerLatency": 61.75,
  "medianWinnerLatency": 50.5
}