{
  "averagePlayerLatency": 78.42507970244421,
  "averageWinnerLatency": 76.04599056603773,
  "medianPlayerLatency": 62,
  "medianWinnerLatency": 50.5
}