{
  "averagePlayerLatency": 74.15871559633028,
  "averageWinnerLatency": 76.15892857142858,
  "medianPlayerLatency": 60.5,
  "medianWinnerLatency": 50.25
}