{
  "averagePlayerLatency": 74.42275280898876,
  "averageWinnerLatency": 74.86312849162012,
  "medianPlayerLatency": 60.5,
  "medianWinnerLatency": 50.5
}