{
  "averagePlayerLatency": 117.72718922229026,
  "averageWinnerLatency": 100.19449378330373,
  "medianPlayerLatency": 101.5,
  "medianWinnerLatency": 90
}