{
  "averagePlayerLatency": 77.2860281195079,
  "averageWinnerLatency": 74.5741127348643,
  "medianPlayerLatency": 62,
  "medianWinnerLatency": 50.5
}