{
  "averagePlayerLatency": 76.3155487804878,
  "averageWinnerLatency": 80.19672131147541,
  "medianPlayerLatency": 60.5,
  "medianWinnerLatency": 50.5
}