{
  "averagePlayerLatency": 75.98608349900596,
  "averageWinnerLatency": 79.89411764705882,
  "medianPlayerLatency": 61.5,
  "medianWinnerLatency": 51
}