{
  "averagePlayerLatency": 79.94451450189155,
  "averageWinnerLatency": 72.38983050847457,
  "medianPlayerLatency": 70,
  "medianWinnerLatency": 50.5
}