{
  "averagePlayerLatency": 76.24880095923261,
  "averageWinnerLatency": 74.98101265822785,
  "medianPlayerLatency": 61.5,
  "medianWinnerLatency": 50.5
}