{
  "averagePlayerLatency": 78.80054274084125,
  "averageWinnerLatency": 72.53478260869565,
  "medianPlayerLatency": 62.5,
  "medianWinnerLatency": 50.5
}