{
  "averagePlayerLatency": 76.08608058608058,
  "averageWinnerLatency": 75.02307692307693,
  "medianPlayerLatency": 61.5,
  "medianWinnerLatency": 50.5
}