{
  "averagePlayerLatency": 77.15713028169014,
  "averageWinnerLatency": 74.33438155136268,
  "medianPlayerLatency": 62,
  "medianWinnerLatency": 50.5
}