{
  "averagePlayerLatency": 80.97385620915033,
  "averageWinnerLatency": 72.14354838709677,
  "medianPlayerLatency": 70,
  "medianWinnerLatency": 51
}