{
  "averagePlayerLatency": 78.72649253731343,
  "averageWinnerLatency": 72.60054347826087,
  "medianPlayerLatency": 62,
  "medianWinnerLatency": 50.5
}