{
  "averagePlayerLatency": 77.56309420916162,
  "averageWinnerLatency": 74.13627049180327,
  "medianPlayerLatency": 61.5,
  "medianWinnerLatency": 50.5
}