{
  "averagePlayerLatency": 77.40400667779633,
  "averageWinnerLatency": 74.23425196850394,
  "medianPlayerLatency": 61.5,
  "medianWinnerLatency": 50.5
}