{
  "averagePlayerLatency": 78.7603591160221,
  "averageWinnerLatency": 72.60926573426573,
  "medianPlayerLatency": 62.5,
  "medianWinnerLatency": 50.5
}