{
  "averagePlayerLatency": 78.60157421289355,
  "averageWinnerLatency": 72.60344827586206,
  "medianPlayerLatency": 62,
  "medianWinnerLatency": 50.5
}