{
  "averagePlayerLatency": 76.41753653444677,
  "averageWinnerLatency": 80.78427419354838,
  "medianPlayerLatency": 61.5,
  "medianWinnerLatency": 51
}