{
  "averagePlayerLatency": 78.26412213740458,
  "averageWinnerLatency": 72.72844036697248,
  "medianPlayerLatency": 62,
  "medianWinnerLatency": 50.5
}