{
  "averagePlayerLatency": 75.27265500794913,
  "averageWinnerLatency": 77.63496932515338,
  "medianPlayerLatency": 60.5,
  "medianWinnerLatency": 50.5
}