{
  "averagePlayerLatency": 75.83266129032258,
  "averageWinnerLatency": 80.24505928853755,
  "medianPlayerLatency": 61.5,
  "medianWinnerLatency": 51
}